"Arab Americans","List_of_Emirati_Americans"
"Emirati diaspora","List_of_Emirati_Americans"
"Americans in the United Arab Emirates","List_of_Emirati_Americans"
"United Arab Emirates–United States relations","List_of_Emirati_Americans"
"Australia","List_of_Emirati_Americans"
"Pakistan","List_of_Emirati_Americans"
"United Kingdom","List_of_Emirati_Americans"
"Emirati passport","List_of_Emirati_Americans"
"Visa requirements for Emirati citizens","List_of_Emirati_Americans"
"Algerian","List_of_Emirati_Americans"
"Egyptian","List_of_Emirati_Americans"
"Libyan","List_of_Emirati_Americans"
"Mauritanian","List_of_Emirati_Americans"
"Moroccan","List_of_Emirati_Americans"
"Somali","List_of_Emirati_Americans"
"Sudanese","List_of_Emirati_Americans"
"Tunisian","List_of_Emirati_Americans"
"Iraqi","List_of_Emirati_Americans"
"Jordanian","List_of_Emirati_Americans"
"Kuwaiti","List_of_Emirati_Americans"
"Lebanese","List_of_Emirati_Americans"
"Palestinian","List_of_Emirati_Americans"
"Saudi","List_of_Emirati_Americans"
"Syrian","List_of_Emirati_Americans"
"Yemeni","List_of_Emirati_Americans"
"Detroit","List_of_Emirati_Americans"
"Afghan","List_of_Emirati_Americans"
"Arab","List_of_Emirati_Americans"
"Armenian","List_of_Emirati_Americans"
"Assyrian","List_of_Emirati_Americans"
"Azerbaijani","List_of_Emirati_Americans"
"Coptic","List_of_Emirati_Americans"
"Georgian","List_of_Emirati_Americans"
"Iranian","List_of_Emirati_Americans"
"Israeli","List_of_Emirati_Americans"
"Jewish","List_of_Emirati_Americans"
"Kurdish","List_of_Emirati_Americans"
"Turkish","List_of_Emirati_Americans"
"Detroit","List_of_Emirati_Americans"
"Ambassadors of the United Arab Emirates","List_of_Emirati_Americans"
"Ambassadors of the United States","List_of_Emirati_Americans"
"Embassy of the United Arab Emirates, Washington, D.C.","List_of_Emirati_Americans"
"Embassy of the United States, Abu Dhabi","List_of_Emirati_Americans"
"Consulate General of the United States, Dubai","List_of_Emirati_Americans"
"Al Dhafra Air Base","List_of_Emirati_Americans"
"Section 123 Agreement","List_of_Emirati_Americans"
"U.S.–UAE 123 Agreement for Peaceful Civilian Nuclear Energy Cooperation","List_of_Emirati_Americans"
"Contents of the United States diplomatic cables leak (United Arab Emirates)","List_of_Emirati_Americans"
"Dubai Ports World controversy","List_of_Emirati_Americans"
"Americans in the United Arab Emirates","List_of_Emirati_Americans"
"Emirati American","List_of_Emirati_Americans"
"Emirati American","List_of_Emirati_Americans"
