"George Atanasoski","List_of_Macedonian_Americans"
"Vladimir Četkar","List_of_Macedonian_Americans"
"Stoyan Christowe","List_of_Macedonian_Americans"
"Dino Delevski","List_of_Macedonian_Americans"
"Jimmy Dimos","List_of_Macedonian_Americans"
"Kevin Fletcher","List_of_Macedonian_Americans"
"Tim Goeglein","List_of_Macedonian_Americans"
"Richard Hendrix","List_of_Macedonian_Americans"
"Christopher Ilitch","List_of_Macedonian_Americans"
"Denise Ilitch","List_of_Macedonian_Americans"
"Marian Bayoff Ilitch","List_of_Macedonian_Americans"
"Mike Ilitch","List_of_Macedonian_Americans"
"Stefan Kozlov","List_of_Macedonian_Americans"
"Kevin Kouzmanoff","List_of_Macedonian_Americans"
"Jovan Kirovski","List_of_Macedonian_Americans"
"Bo McCalebb","List_of_Macedonian_Americans"
"Darko Mitrevski","List_of_Macedonian_Americans"
"George Nanchoff","List_of_Macedonian_Americans"
"Louis Nanchoff","List_of_Macedonian_Americans"
"Sandre Naumovski","List_of_Macedonian_Americans"
"Andy Peykoff","List_of_Macedonian_Americans"
"Traian Stoianovich","List_of_Macedonian_Americans"
"Pete Stoyanovich","List_of_Macedonian_Americans"
"Mike Vrabel","List_of_Macedonian_Americans"
"Mike Zafirovski","List_of_Macedonian_Americans"
"United Macedonian Diaspora","List_of_Macedonian_Americans"
"Hyphenated American","List_of_Macedonian_Americans"
"Macedonians (ethnic group)","List_of_Macedonian_Americans"
"Belarusian","List_of_Macedonian_Americans"
"Russian","List_of_Macedonian_Americans"
"Rusyn","List_of_Macedonian_Americans"
"Ukrainian","List_of_Macedonian_Americans"
"Bosnian","List_of_Macedonian_Americans"
"Bulgarian","List_of_Macedonian_Americans"
"Croatian","List_of_Macedonian_Americans"
"Montenegrin","List_of_Macedonian_Americans"
"Serbian","List_of_Macedonian_Americans"
"Slovene","List_of_Macedonian_Americans"
"Yugoslav","List_of_Macedonian_Americans"
"Czech","List_of_Macedonian_Americans"
"Kashubian","List_of_Macedonian_Americans"
"Polish","List_of_Macedonian_Americans"
"Slovak","List_of_Macedonian_Americans"
"Sorbian","List_of_Macedonian_Americans"
"Bosnian","List_of_Macedonian_Americans"
"Bulgarian","List_of_Macedonian_Americans"
"Croatian","List_of_Macedonian_Americans"
"Montenegrin","List_of_Macedonian_Americans"
"Serbian","List_of_Macedonian_Americans"
"Slovene","List_of_Macedonian_Americans"
"Yugoslav","List_of_Macedonian_Americans"
"Albania","List_of_Macedonian_Americans"
"Bulgaria","List_of_Macedonian_Americans"
"Greece","List_of_Macedonian_Americans"
"Austria","List_of_Macedonian_Americans"
"Belgium","List_of_Macedonian_Americans"
"Bosnia and Herzegovina","List_of_Macedonian_Americans"
"Croatia","List_of_Macedonian_Americans"
"Czech Republic","List_of_Macedonian_Americans"
"Denmark","List_of_Macedonian_Americans"
"France","List_of_Macedonian_Americans"
"Hungary","List_of_Macedonian_Americans"
"Italy","List_of_Macedonian_Americans"
"Germany","List_of_Macedonian_Americans"
"Montenegro","List_of_Macedonian_Americans"
"Netherlands","List_of_Macedonian_Americans"
"Norway","List_of_Macedonian_Americans"
"Poland","List_of_Macedonian_Americans"
"Romania","List_of_Macedonian_Americans"
"Russia","List_of_Macedonian_Americans"
"Serbia","List_of_Macedonian_Americans"
"Slovakia","List_of_Macedonian_Americans"
"Slovenia","List_of_Macedonian_Americans"
"Switzerland","List_of_Macedonian_Americans"
"Sweden","List_of_Macedonian_Americans"
"United Kingdom","List_of_Macedonian_Americans"
"Argentina","List_of_Macedonian_Americans"
"Brazil","List_of_Macedonian_Americans"
"Canada","List_of_Macedonian_Americans"
"Australia","List_of_Macedonian_Americans"
"New Zealand","List_of_Macedonian_Americans"
"Austrian","List_of_Macedonian_Americans"
"Czech","List_of_Macedonian_Americans"
"German","List_of_Macedonian_Americans"
"Amish","List_of_Macedonian_Americans"
"German Texan","List_of_Macedonian_Americans"
"Pennsylvania Dutch","List_of_Macedonian_Americans"
"German Mennonites from Russia","List_of_Macedonian_Americans"
"Hungarian","List_of_Macedonian_Americans"
"Hungarian Ohioans","List_of_Macedonian_Americans"
"Kashubian","List_of_Macedonian_Americans"
"Liechtensteiner","List_of_Macedonian_Americans"
"Luxembourgian","List_of_Macedonian_Americans"
"Polish","List_of_Macedonian_Americans"
"Slovak","List_of_Macedonian_Americans"
"Slovene","List_of_Macedonian_Americans"
"Sorbian","List_of_Macedonian_Americans"
"Swiss","List_of_Macedonian_Americans"
"Azerbaijani","List_of_Macedonian_Americans"
"Belarusian","List_of_Macedonian_Americans"
"Chechen","List_of_Macedonian_Americans"
"Georgian","List_of_Macedonian_Americans"
"Kazakh","List_of_Macedonian_Americans"
"Russian","List_of_Macedonian_Americans"
"Cossack","List_of_Macedonian_Americans"
"Kalmyk","List_of_Macedonian_Americans"
"Ukrainian","List_of_Macedonian_Americans"
"Cossack","List_of_Macedonian_Americans"
"Rusyn","List_of_Macedonian_Americans"
"Danish","List_of_Macedonian_Americans"
"Greenlandic","List_of_Macedonian_Americans"
"Estonian","List_of_Macedonian_Americans"
"Faroese","List_of_Macedonian_Americans"
"Finnish","List_of_Macedonian_Americans"
"Icelandic","List_of_Macedonian_Americans"
"Latvian","List_of_Macedonian_Americans"
"Lithuanian","List_of_Macedonian_Americans"
"Norwegian","List_of_Macedonian_Americans"
"Norwegian Dakotan","List_of_Macedonian_Americans"
"Norwegian Minnesotan","List_of_Macedonian_Americans"
"Sami","List_of_Macedonian_Americans"
"Swedish","List_of_Macedonian_Americans"
"Albanian","List_of_Macedonian_Americans"
"Bosnian","List_of_Macedonian_Americans"
"Bulgarian","List_of_Macedonian_Americans"
"Cypriot","List_of_Macedonian_Americans"
"Croatian","List_of_Macedonian_Americans"
"Greek","List_of_Macedonian_Americans"
"Moldovan","List_of_Macedonian_Americans"
"Montenegrin","List_of_Macedonian_Americans"
"Romanian","List_of_Macedonian_Americans"
"Serbian","List_of_Macedonian_Americans"
"Alaskan Serbs","List_of_Macedonian_Americans"
"Turkish","List_of_Macedonian_Americans"
"Italian","List_of_Macedonian_Americans"
"Sicilian","List_of_Macedonian_Americans"
"Maltese","List_of_Macedonian_Americans"
"Monacan","List_of_Macedonian_Americans"
"Portuguese","List_of_Macedonian_Americans"
"Sammarinese","List_of_Macedonian_Americans"
"Spanish","List_of_Macedonian_Americans"
"Asturian","List_of_Macedonian_Americans"
"Basque","List_of_Macedonian_Americans"
"Canarian","List_of_Macedonian_Americans"
"Catalan","List_of_Macedonian_Americans"
"Galician","List_of_Macedonian_Americans"
"Hispano","List_of_Macedonian_Americans"
"Belgian","List_of_Macedonian_Americans"
"British","List_of_Macedonian_Americans"
"Cornish","List_of_Macedonian_Americans"
"English","List_of_Macedonian_Americans"
"Manx","List_of_Macedonian_Americans"
"Scots-Irish/Ulster Scots","List_of_Macedonian_Americans"
"Scottish","List_of_Macedonian_Americans"
"Welsh","List_of_Macedonian_Americans"
"Dutch","List_of_Macedonian_Americans"
"French","List_of_Macedonian_Americans"
"Basque","List_of_Macedonian_Americans"
"Breton","List_of_Macedonian_Americans"
"Cajun","List_of_Macedonian_Americans"
"Corsican","List_of_Macedonian_Americans"
"Frisian","List_of_Macedonian_Americans"
"Irish","List_of_Macedonian_Americans"
"Non-Hispanic whites","List_of_Macedonian_Americans"
"White Hispanic and Latino","List_of_Macedonian_Americans"
"Métis","List_of_Macedonian_Americans"
"Roma","List_of_Macedonian_Americans"
"Hungarian Slovak Romanies","List_of_Macedonian_Americans"
"Louisiana Creole","List_of_Macedonian_Americans"
"Isleños","List_of_Macedonian_Americans"
"California","List_of_Macedonian_Americans"
"Hawaii","List_of_Macedonian_Americans"
"White Southerners","List_of_Macedonian_Americans"
"St. Clement of Ohrid (Toronto, ON)","List_of_Macedonian_Americans"
"St. Ilija (Mississauga, ON)","List_of_Macedonian_Americans"
"St. Dimitrija Solunski (Markham, ON)","List_of_Macedonian_Americans"
"St. Nicholas (Windsor, ON)","List_of_Macedonian_Americans"
"St. Nedela (Ajax, ON)","List_of_Macedonian_Americans"
"St. Naum of Ohrid (Hamilton, ON)","List_of_Macedonian_Americans"
"St. Mary (Canbridge, ON)","List_of_Macedonian_Americans"
"Dormition of the Virgin Mary (Reynoldsburg, OH)","List_of_Macedonian_Americans"
"Sts. Cyril &amp; Methody (Blasdell, NY)","List_of_Macedonian_Americans"
"American people of Macedonian descent","List_of_Macedonian_Americans"
