"Chloe Dao","List_of_Laotian_Americans"
"Petty Officer, 1st Class","List_of_Laotian_Americans"
"TC Huo","List_of_Laotian_Americans"
"Andre Soukhamthath","List_of_Laotian_Americans"
"Jujubee","List_of_Laotian_Americans"
"Channapha Khamvongsa","List_of_Laotian_Americans"
"Malichansouk Kouanchao","List_of_Laotian_Americans"
"Khan Malaythong","List_of_Laotian_Americans"
"Thavisouk Phrasavath","List_of_Laotian_Americans"
"Chanida Phaengdara Potter","List_of_Laotian_Americans"
"Nor Sanavongsay","List_of_Laotian_Americans"
"Catzie Vilayphonh","List_of_Laotian_Americans"
"Kulap Vilaysack","List_of_Laotian_Americans"
"Saymoukda Vongsay","List_of_Laotian_Americans"
"Bryan Thao Worra","List_of_Laotian_Americans"
"Souphanousinphone family","List_of_Laotian_Americans"
"Laos Memorial","List_of_Laotian_Americans"
"Indochina refugee crisis","List_of_Laotian_Americans"
"Mongolian","List_of_Laotian_Americans"
"Uzbek","List_of_Laotian_Americans"
"Chinese","List_of_Laotian_Americans"
"Hong Kong","List_of_Laotian_Americans"
"Tibetan","List_of_Laotian_Americans"
"Taiwan","List_of_Laotian_Americans"
"Hoklo/Hokkien","List_of_Laotian_Americans"
"Fuzhou/Hokchiu","List_of_Laotian_Americans"
"Hakka","List_of_Laotian_Americans"
"Japanese","List_of_Laotian_Americans"
"Hawaii","List_of_Laotian_Americans"
"Korean","List_of_Laotian_Americans"
"Bangladeshi","List_of_Laotian_Americans"
"Bengali","List_of_Laotian_Americans"
"Bhutanese","List_of_Laotian_Americans"
"Indian","List_of_Laotian_Americans"
"Indo-Caribbean","List_of_Laotian_Americans"
"Bengali","List_of_Laotian_Americans"
"Gujarati","List_of_Laotian_Americans"
"Punjabi","List_of_Laotian_Americans"
"Sindhi","List_of_Laotian_Americans"
"Tamil","List_of_Laotian_Americans"
"Nepalese","List_of_Laotian_Americans"
"Pakistani","List_of_Laotian_Americans"
"Baloch","List_of_Laotian_Americans"
"Pashtun","List_of_Laotian_Americans"
"Punjabi","List_of_Laotian_Americans"
"Sindhi","List_of_Laotian_Americans"
"Sri Lankan","List_of_Laotian_Americans"
"Tamil","List_of_Laotian_Americans"
"Burmese","List_of_Laotian_Americans"
"Cambodian","List_of_Laotian_Americans"
"Filipino","List_of_Laotian_Americans"
"Hmong","List_of_Laotian_Americans"
"Indonesian","List_of_Laotian_Americans"
"Malaysian","List_of_Laotian_Americans"
"Mien","List_of_Laotian_Americans"
"Singaporean","List_of_Laotian_Americans"
"Thai","List_of_Laotian_Americans"
"Vietnamese","List_of_Laotian_Americans"
"Asian Hispanic and Latino","List_of_Laotian_Americans"
"Punjabi Mexican","List_of_Laotian_Americans"
"Multiracial Americans","List_of_Laotian_Americans"
"Afro-Asian","List_of_Laotian_Americans"
"Amerasian","List_of_Laotian_Americans"
"Eurasian","List_of_Laotian_Americans"
"General","List_of_Laotian_Americans"
"Immigration","List_of_Laotian_Americans"
"Military","List_of_Laotian_Americans"
"Arts and Entertainment","List_of_Laotian_Americans"
"Demographics","List_of_Laotian_Americans"
"Politics","List_of_Laotian_Americans"
"Stereotypes","List_of_Laotian_Americans"
"Buddhists","List_of_Laotian_Americans"
"Christians","List_of_Laotian_Americans"
"Hindus","List_of_Laotian_Americans"
"Jainism","List_of_Laotian_Americans"
"Muslims","List_of_Laotian_Americans"
"Sikhs","List_of_Laotian_Americans"
"California","List_of_Laotian_Americans"
"Hawaii","List_of_Laotian_Americans"
"Maryland","List_of_Laotian_Americans"
"New York City","List_of_Laotian_Americans"
"Puerto Rico","List_of_Laotian_Americans"
"Washington","List_of_Laotian_Americans"
"Australia","List_of_Laotian_Americans"
"Canada","List_of_Laotian_Americans"
"France","List_of_Laotian_Americans"
"Asian-American society","List_of_Laotian_Americans"
