"Folklore","Punjabi_Americans"
"Language","Punjabi_Americans"
"Dialects","Punjabi_Americans"
"Punjab","Punjabi_Americans"
"Punjabis","Punjabi_Americans"
"Nationalism","Punjabi_Americans"
"Punjabis in Afghanistan","Punjabi_Americans"
"British Punjabis","Punjabi_Americans"
"Punjabi Canadians","Punjabi_Americans"
"Cinema","Punjabi_Americans"
"Clothing","Punjabi_Americans"
"Cuisine","Punjabi_Americans"
"Dance","Punjabi_Americans"
"Festivals","Punjabi_Americans"
"Literature","Punjabi_Americans"
"Media","Punjabi_Americans"
"Music","Punjabi_Americans"
"Religion","Punjabi_Americans"
"Sport","Punjabi_Americans"
"Television","Punjabi_Americans"
"Doabi","Punjabi_Americans"
"Majhi","Punjabi_Americans"
"Malwai","Punjabi_Americans"
"Puadhi","Punjabi_Americans"
"Shahpuri","Punjabi_Americans"
"Hindko","Punjabi_Americans"
"Jhangochi","Punjabi_Americans"
"Jangli","Punjabi_Americans"
"Pothohar","Punjabi_Americans"
"Jandali","Punjabi_Americans"
"Dhani","Punjabi_Americans"
"Afghanistan","Punjabi_Americans"
"Canada","Punjabi_Americans"
"United Kingdom","Punjabi_Americans"
"Mexican American","Punjabi_Americans"
"Sikh diaspora","Punjabi_Americans"
"Egypt","Punjabi_Americans"
"Libya","Punjabi_Americans"
"Somalia","Punjabi_Americans"
"South Africa","Punjabi_Americans"
"Afghanistan","Punjabi_Americans"
"Bangladesh","Punjabi_Americans"
"India","Punjabi_Americans"
"Kyrgyzstan","Punjabi_Americans"
"Nepal","Punjabi_Americans"
"Sri Lanka","Punjabi_Americans"
"Bahrain","Punjabi_Americans"
"Iran","Punjabi_Americans"
"Iraq","Punjabi_Americans"
"Israel","Punjabi_Americans"
"Jordan","Punjabi_Americans"
"Kuwait","Punjabi_Americans"
"Lebanon","Punjabi_Americans"
"Oman","Punjabi_Americans"
"Qatar","Punjabi_Americans"
"Saudi Arabia","Punjabi_Americans"
"Turkey","Punjabi_Americans"
"United Arab Emirates","Punjabi_Americans"
"Yemen","Punjabi_Americans"
"China","Punjabi_Americans"
"Japan","Punjabi_Americans"
"South Korea","Punjabi_Americans"
"Brunei","Punjabi_Americans"
"Burma","Punjabi_Americans"
"Indonesia","Punjabi_Americans"
"Malaysia","Punjabi_Americans"
"Singapore","Punjabi_Americans"
"Thailand","Punjabi_Americans"
"Austria","Punjabi_Americans"
"Denmark","Punjabi_Americans"
"France","Punjabi_Americans"
"Germany","Punjabi_Americans"
"Ireland","Punjabi_Americans"
"Italy","Punjabi_Americans"
"Netherlands","Punjabi_Americans"
"Norway","Punjabi_Americans"
"Russia","Punjabi_Americans"
"Spain","Punjabi_Americans"
"Sweden","Punjabi_Americans"
"Switzerland","Punjabi_Americans"
"Ukraine","Punjabi_Americans"
"United Kingdom","Punjabi_Americans"
"Canada","Punjabi_Americans"
"Caribbean","Punjabi_Americans"
"United States","Punjabi_Americans"
"Australia","Punjabi_Americans"
"New Zealand","Punjabi_Americans"
"Baloch","Punjabi_Americans"
"Hazara","Punjabi_Americans"
"Azad Kashmiri","Punjabi_Americans"
"Kashmiri","Punjabi_Americans"
"Muhajir","Punjabi_Americans"
"Pashtun","Punjabi_Americans"
"Punjabi","Punjabi_Americans"
"Saraiki","Punjabi_Americans"
"Sindhi","Punjabi_Americans"
"Anti-Pakistan sentiment","Punjabi_Americans"
"Kharian","Punjabi_Americans"
"Gujrat District","Punjabi_Americans"
"Mirpur, Azad Kashmir","Punjabi_Americans"
"Foreign relations","Punjabi_Americans"
"Immigration to Pakistan","Punjabi_Americans"
"Little Pakistan","Punjabi_Americans"
"Ministry of Overseas Pakistanis and Human Resource Development","Punjabi_Americans"
"Pakistani nationality law","Punjabi_Americans"
"Pakistani passport","Punjabi_Americans"
"Pakistani students","Punjabi_Americans"
"Visa requirements for Pakistani citizens","Punjabi_Americans"
"Kenya","Punjabi_Americans"
"Madagascar","Punjabi_Americans"
"Mauritius","Punjabi_Americans"
"Mozambique","Punjabi_Americans"
"RÃ©union","Punjabi_Americans"
"Seychelles","Punjabi_Americans"
"Tanzania","Punjabi_Americans"
"Uganda","Punjabi_Americans"
"Zambia","Punjabi_Americans"
"Botswana","Punjabi_Americans"
"Egypt","Punjabi_Americans"
"Ghana","Punjabi_Americans"
"South Africa","Punjabi_Americans"
"Zimbabwe","Punjabi_Americans"
"Barbados","Punjabi_Americans"
"Belize","Punjabi_Americans"
"Dominican Republic","Punjabi_Americans"
"Grenada","Punjabi_Americans"
"Guadeloupe","Punjabi_Americans"
"Guyana","Punjabi_Americans"
"Haiti","Punjabi_Americans"
"Jamaica","Punjabi_Americans"
"Martinique","Punjabi_Americans"
"Saint Kitts and Nevis","Punjabi_Americans"
"Saint Lucia","Punjabi_Americans"
"Saint Vincent and the Grenadines","Punjabi_Americans"
"Suriname","Punjabi_Americans"
"Trinidad and Tobago","Punjabi_Americans"
"U.S. Virgin Islands","Punjabi_Americans"
"Argentina","Punjabi_Americans"
"Brazil","Punjabi_Americans"
"Chile","Punjabi_Americans"
"Colombia","Punjabi_Americans"
"French Guiana","Punjabi_Americans"
"Mexico","Punjabi_Americans"
"Panama","Punjabi_Americans"
"Peru","Punjabi_Americans"
"Uruguay","Punjabi_Americans"
"Venezuela","Punjabi_Americans"
"Canada","Punjabi_Americans"
"United States","Punjabi_Americans"
"Afghanistan","Punjabi_Americans"
"Bangladesh","Punjabi_Americans"
"Maldives","Punjabi_Americans"
"Nepal","Punjabi_Americans"
"Pakistan","Punjabi_Americans"
"Sri Lanka","Punjabi_Americans"
"Brunei","Punjabi_Americans"
"Burma","Punjabi_Americans"
"Cambodia","Punjabi_Americans"
"Indonesia","Punjabi_Americans"
"Malaysia","Punjabi_Americans"
"Philippines","Punjabi_Americans"
"Singapore","Punjabi_Americans"
"Thailand","Punjabi_Americans"
"Vietnam","Punjabi_Americans"
"China","Punjabi_Americans"
"Japan","Punjabi_Americans"
"Korea","Punjabi_Americans"
"Bahrain","Punjabi_Americans"
"Iran","Punjabi_Americans"
"Israel","Punjabi_Americans"
"Kuwait","Punjabi_Americans"
"Lebanon","Punjabi_Americans"
"Oman","Punjabi_Americans"
"Qatar","Punjabi_Americans"
"Saudi Arabia","Punjabi_Americans"
"Turkey","Punjabi_Americans"
"United Arab Emirates","Punjabi_Americans"
"Lithuania","Punjabi_Americans"
"Poland","Punjabi_Americans"
"Russia","Punjabi_Americans"
"Finland","Punjabi_Americans"
"Sweden","Punjabi_Americans"
"Cyprus","Punjabi_Americans"
"Italy","Punjabi_Americans"
"Malta","Punjabi_Americans"
"Portugal","Punjabi_Americans"
"Spain","Punjabi_Americans"
"France","Punjabi_Americans"
"Germany","Punjabi_Americans"
"Luxembourg","Punjabi_Americans"
"Netherlands","Punjabi_Americans"
"United Kingdom","Punjabi_Americans"
"Australia","Punjabi_Americans"
"Fiji","Punjabi_Americans"
"New Caledonia","Punjabi_Americans"
"New Zealand","Punjabi_Americans"
"Bengali Hindu","Punjabi_Americans"
"Indo-Fijian","Punjabi_Americans"
"Kashmiri","Punjabi_Americans"
"Malayalis in the Gulf","Punjabi_Americans"
"Oriya","Punjabi_Americans"
"Punjabi","Punjabi_Americans"
"Romani","Punjabi_Americans"
"Sindhi","Punjabi_Americans"
"Tamil","Punjabi_Americans"
"Anglo-Indian","Punjabi_Americans"
"Chindian","Punjabi_Americans"
"Desi","Punjabi_Americans"
"Little India","Punjabi_Americans"
"Non-Resident Indian Award","Punjabi_Americans"
"Non-Resident Indian Day","Punjabi_Americans"
"Mongolian","Punjabi_Americans"
"Uzbek","Punjabi_Americans"
"Chinese","Punjabi_Americans"
"Hong Kong","Punjabi_Americans"
"Tibetan","Punjabi_Americans"
"Taiwan","Punjabi_Americans"
"Hoklo/Hokkien","Punjabi_Americans"
"Fuzhou/Hokchiu","Punjabi_Americans"
"Hakka","Punjabi_Americans"
"Japanese","Punjabi_Americans"
"Hawaii","Punjabi_Americans"
"Korean","Punjabi_Americans"
"Bangladeshi","Punjabi_Americans"
"Bengali","Punjabi_Americans"
"Bhutanese","Punjabi_Americans"
"Indian","Punjabi_Americans"
"Indo-Caribbean","Punjabi_Americans"
"Bengali","Punjabi_Americans"
"Gujarati","Punjabi_Americans"
"Sindhi","Punjabi_Americans"
"Tamil","Punjabi_Americans"
"Nepalese","Punjabi_Americans"
"Pakistani","Punjabi_Americans"
"Baloch","Punjabi_Americans"
"Pashtun","Punjabi_Americans"
"Sindhi","Punjabi_Americans"
"Sri Lankan","Punjabi_Americans"
"Tamil","Punjabi_Americans"
"Burmese","Punjabi_Americans"
"Cambodian","Punjabi_Americans"
"Filipino","Punjabi_Americans"
"Hmong","Punjabi_Americans"
"Indonesian","Punjabi_Americans"
"Laotian","Punjabi_Americans"
"Malaysian","Punjabi_Americans"
"Mien","Punjabi_Americans"
"Singaporean","Punjabi_Americans"
"Thai","Punjabi_Americans"
"Vietnamese","Punjabi_Americans"
"Asian Hispanic and Latino","Punjabi_Americans"
"Punjabi Mexican","Punjabi_Americans"
"Multiracial Americans","Punjabi_Americans"
"Afro-Asian","Punjabi_Americans"
"Amerasian","Punjabi_Americans"
"Eurasian","Punjabi_Americans"
"General","Punjabi_Americans"
"Immigration","Punjabi_Americans"
"Military","Punjabi_Americans"
"Arts and Entertainment","Punjabi_Americans"
"Demographics","Punjabi_Americans"
"Politics","Punjabi_Americans"
"Stereotypes","Punjabi_Americans"
"Buddhists","Punjabi_Americans"
"Christians","Punjabi_Americans"
"Hindus","Punjabi_Americans"
"Jainism","Punjabi_Americans"
"Muslims","Punjabi_Americans"
"Sikhs","Punjabi_Americans"
"California","Punjabi_Americans"
"Hawaii","Punjabi_Americans"
"Maryland","Punjabi_Americans"
"New York City","Punjabi_Americans"
"Puerto Rico","Punjabi_Americans"
"Washington","Punjabi_Americans"
"Indian diaspora in the United States","Punjabi_Americans"
