"New York metropolitan area","List_of_Panamanian_Americans"
"Argentine Americans","List_of_Panamanian_Americans"
"Bolivian Americans","List_of_Panamanian_Americans"
"Brazilian Americans","List_of_Panamanian_Americans"
"Chilean Americans","List_of_Panamanian_Americans"
"Colombian Americans","List_of_Panamanian_Americans"
"Costa Rican Americans","List_of_Panamanian_Americans"
"Cuban Americans","List_of_Panamanian_Americans"
"Dominican Americans","List_of_Panamanian_Americans"
"Ecuadorian Americans","List_of_Panamanian_Americans"
"Guatemalan Americans","List_of_Panamanian_Americans"
"Honduran Americans","List_of_Panamanian_Americans"
"Mexican Americans","List_of_Panamanian_Americans"
"Nicaraguan Americans","List_of_Panamanian_Americans"
"Panamanian Americans","List_of_Panamanian_Americans"
"Paraguayan Americans","List_of_Panamanian_Americans"
"Peruvian Americans","List_of_Panamanian_Americans"
"Puerto Ricans (stateside)","List_of_Panamanian_Americans"
"Salvadoran Americans","List_of_Panamanian_Americans"
"Spanish Americanss","List_of_Panamanian_Americans"
"Uruguayan Americans","List_of_Panamanian_Americans"
"Venezuelan Americans","List_of_Panamanian_Americans"
"History of Hispanic and Latino Americans","List_of_Panamanian_Americans"
"History of Mexican Americans","List_of_Panamanian_Americans"
"castizo","List_of_Panamanian_Americans"
"cholo","List_of_Panamanian_Americans"
"criollo","List_of_Panamanian_Americans"
"mestizo","List_of_Panamanian_Americans"
"mulato","List_of_Panamanian_Americans"
"pardo","List_of_Panamanian_Americans"
"zambo","List_of_Panamanian_Americans"
"Chicano Movement","List_of_Panamanian_Americans"
"Hispanic and Latino American politics","List_of_Panamanian_Americans"
"Association of Hispanic Arts","List_of_Panamanian_Americans"
"Congressional Hispanic Caucus","List_of_Panamanian_Americans"
"Congressional Hispanic Conference","List_of_Panamanian_Americans"
"LULAC","List_of_Panamanian_Americans"
"MALDEF","List_of_Panamanian_Americans"
"MEChA","List_of_Panamanian_Americans"
"NALEO","List_of_Panamanian_Americans"
"NALFO","List_of_Panamanian_Americans"
"National Council of La Raza","List_of_Panamanian_Americans"
"National Hispanic Institute","List_of_Panamanian_Americans"
"RNHA","List_of_Panamanian_Americans"
"SHPE","List_of_Panamanian_Americans"
"UFW","List_of_Panamanian_Americans"
"USHCC","List_of_Panamanian_Americans"
"Literature","List_of_Panamanian_Americans"
"Music","List_of_Panamanian_Americans"
"Religion","List_of_Panamanian_Americans"
"Studies","List_of_Panamanian_Americans"
"Belizean Americans","List_of_Panamanian_Americans"
"Brazilian Americans","List_of_Panamanian_Americans"
"Filipino Americans","List_of_Panamanian_Americans"
"Guyanese Americans","List_of_Panamanian_Americans"
"Haitian Americans","List_of_Panamanian_Americans"
"Portuguese Americans","List_of_Panamanian_Americans"
"Spanish Americans","List_of_Panamanian_Americans"
"Surinamese Americans","List_of_Panamanian_Americans"
"English","List_of_Panamanian_Americans"
"Spanglish","List_of_Panamanian_Americans"
"Spanish","List_of_Panamanian_Americans"
"Cuban Spanish","List_of_Panamanian_Americans"
"United States","List_of_Panamanian_Americans"
"New Mexican","List_of_Panamanian_Americans"
"Puerto Rican","List_of_Panamanian_Americans"
"Californio","List_of_Panamanian_Americans"
"Chicano","List_of_Panamanian_Americans"
"Hispano","List_of_Panamanian_Americans"
"Isleño","List_of_Panamanian_Americans"
"Nuevomexicano","List_of_Panamanian_Americans"
"Nuyorican","List_of_Panamanian_Americans"
"Tejano","List_of_Panamanian_Americans"
"Communities with Hispanic majority","List_of_Panamanian_Americans"
"Hispanic and Latino Americans","List_of_Panamanian_Americans"
"Puerto Rico","List_of_Panamanian_Americans"
"Related topics","List_of_Panamanian_Americans"
"Florida","List_of_Panamanian_Americans"
"New York","List_of_Panamanian_Americans"
"California","List_of_Panamanian_Americans"
"Texas","List_of_Panamanian_Americans"
"Georgia","List_of_Panamanian_Americans"
"Virginia","List_of_Panamanian_Americans"
"North Carolina","List_of_Panamanian_Americans"
"New Jersey","List_of_Panamanian_Americans"
"Maryland","List_of_Panamanian_Americans"
"Pennsylvania","List_of_Panamanian_Americans"
"New York-Northern New Jersey-Long Island, NY-NJ-PA MSA","List_of_Panamanian_Americans"
"Miami-Fort Lauderdale-Pompano Beach, FL MSA","List_of_Panamanian_Americans"
"Washington-Arlington-Alexandria, DC-VA-MD-WV MSA","List_of_Panamanian_Americans"
"Los Angeles-Long Beach-Santa Ana, CA MSA","List_of_Panamanian_Americans"
"Atlanta-Sandy Springs-Marietta, GA MSA","List_of_Panamanian_Americans"
"Orlando-Kissimmee-Sanford, FL MSA","List_of_Panamanian_Americans"
"Tampa-St. Petersburg-Clearwater, FL MSA","List_of_Panamanian_Americans"
"Houston-Sugar Land-Baytown, TX MSA","List_of_Panamanian_Americans"
"Dallas-Fort Worth-Arlington, TX MSA","List_of_Panamanian_Americans"
"Philadelphia-Camden-Wilmington, PA-NJ-DE-MD MSA","List_of_Panamanian_Americans"
"San Antonio-New Braunfels, TX MSA","List_of_Panamanian_Americans"
"Virginia Beach-Norfolk-Newport News, VA-NC MSA","List_of_Panamanian_Americans"
"Riverside-San Bernardino-Ontario, CA MSA","List_of_Panamanian_Americans"
"San Francisco-Oakland-Fremont, CA MSA","List_of_Panamanian_Americans"
"Chicago-Joliet-Naperville, IL-IN-WI MSA","List_of_Panamanian_Americans"
"San Diego-Carlsbad-San Marcos, CA MSA","List_of_Panamanian_Americans"
"Seattle-Tacoma-Bellevue, WA MSA","List_of_Panamanian_Americans"
"Baltimore-Towson, MD MSA","List_of_Panamanian_Americans"
"Fayetteville, NC MSA","List_of_Panamanian_Americans"
"Boston-Cambridge-Quincy, MA-NH MSA","List_of_Panamanian_Americans"
"New York City","List_of_Panamanian_Americans"
"Los Angeles","List_of_Panamanian_Americans"
"San Antonio, TX","List_of_Panamanian_Americans"
"Jacksonville, FL","List_of_Panamanian_Americans"
"Fayetteville, NC","List_of_Panamanian_Americans"
"Miami, FL","List_of_Panamanian_Americans"
"Houston, TX","List_of_Panamanian_Americans"
"San Diego, CA","List_of_Panamanian_Americans"
"Killeen, TX","List_of_Panamanian_Americans"
"Chicago, IL","List_of_Panamanian_Americans"
"Washington, DC","List_of_Panamanian_Americans"
"Boston, MA","List_of_Panamanian_Americans"
"Pemberton Heights, NJ","List_of_Panamanian_Americans"
"Indian Creek, FL","List_of_Panamanian_Americans"
"Lisbon, FL","List_of_Panamanian_Americans"
"Virginia Beach, VA","List_of_Panamanian_Americans"
"Miramar, FL","List_of_Panamanian_Americans"
"Columbus, GA","List_of_Panamanian_Americans"
"Pembroke Pines, FL","List_of_Panamanian_Americans"
"Tampa, FL","List_of_Panamanian_Americans"
"Colorado Springs, CO","List_of_Panamanian_Americans"
"Newport News, VA","List_of_Panamanian_Americans"
"Charlotte, NC","List_of_Panamanian_Americans"
"Austin, TX","List_of_Panamanian_Americans"
"Orlando, FL","List_of_Panamanian_Americans"
"Clarksville, TN","List_of_Panamanian_Americans"
"El Paso, TX","List_of_Panamanian_Americans"
"Dallas, TX","List_of_Panamanian_Americans"
"Philadelphia, PA","List_of_Panamanian_Americans"
"Linda Martín Alcoff","List_of_Panamanian_Americans"
"Gwen Ifill","List_of_Panamanian_Americans"
"Tatyana Ali","List_of_Panamanian_Americans"
"Ra Un Nefer Amen","List_of_Panamanian_Americans"
"Nancy Ames","List_of_Panamanian_Americans"
"Braulio Baeza","List_of_Panamanian_Americans"
"Tyson Beckford","List_of_Panamanian_Americans"
"Uri Berenguer","List_of_Panamanian_Americans"
"A. R. Bernard","List_of_Panamanian_Americans"
"Aloe Blacc","List_of_Panamanian_Americans"
"Roberto Blades","List_of_Panamanian_Americans"
"Rubén Blades","List_of_Panamanian_Americans"
"Jordana Brewster","List_of_Panamanian_Americans"
"Jeff Buckley","List_of_Panamanian_Americans"
"Rod Carew","List_of_Panamanian_Americans"
"Eddie Castro","List_of_Panamanian_Americans"
"El Chombo","List_of_Panamanian_Americans"
"Billy Cobham","List_of_Panamanian_Americans"
"Emayatzy Corinealdi","List_of_Panamanian_Americans"
"Ed Cota","List_of_Panamanian_Americans"
"Melissa De Sousa","List_of_Panamanian_Americans"
"Ruben Douglas","List_of_Panamanian_Americans"
"Roberto Duran","List_of_Panamanian_Americans"
"Adrian Fenty","List_of_Panamanian_Americans"
"Gary Forbes","List_of_Panamanian_Americans"
"Hulk Hogan","List_of_Panamanian_Americans"
"Sam Hoger","List_of_Panamanian_Americans"
"David Iglesias","List_of_Panamanian_Americans"
"Shoshana Johnson","List_of_Panamanian_Americans"
"Clark Kent","List_of_Panamanian_Americans"
"Lily LaBeau","List_of_Panamanian_Americans"
"Olga F. Linares","List_of_Panamanian_Americans"
"John McCain","List_of_Panamanian_Americans"
"Scott A. Muller","List_of_Panamanian_Americans"
"Sigrid Nunez","List_of_Panamanian_Americans"
"Demitrius Omphroy","List_of_Panamanian_Americans"
"J. August Richards","List_of_Panamanian_Americans"
"Mariano Rivera","List_of_Panamanian_Americans"
"Michele Ruiz","List_of_Panamanian_Americans"
"Sacario","List_of_Panamanian_Americans"
"Clarence Samuels","List_of_Panamanian_Americans"
"Jorge Velásquez","List_of_Panamanian_Americans"
"Nick Verreos","List_of_Panamanian_Americans"
"Juan Williams","List_of_Panamanian_Americans"
"Cuban","List_of_Panamanian_Americans"
"Dominican","List_of_Panamanian_Americans"
"Puerto Rican","List_of_Panamanian_Americans"
"Nuyorican","List_of_Panamanian_Americans"
"Hispano","List_of_Panamanian_Americans"
"Californio","List_of_Panamanian_Americans"
"Nuevomexicano","List_of_Panamanian_Americans"
"Tejano","List_of_Panamanian_Americans"
"Creoles of Louisiana","List_of_Panamanian_Americans"
"Isleño","List_of_Panamanian_Americans"
"Mexican","List_of_Panamanian_Americans"
"Chicano","List_of_Panamanian_Americans"
"Indigenous Mexican","List_of_Panamanian_Americans"
"Punjabi","List_of_Panamanian_Americans"
"Costa Rican","List_of_Panamanian_Americans"
"Guatemalan","List_of_Panamanian_Americans"
"Honduran","List_of_Panamanian_Americans"
"Nicaraguan","List_of_Panamanian_Americans"
"Salvadoran","List_of_Panamanian_Americans"
"Argentine","List_of_Panamanian_Americans"
"Bolivian","List_of_Panamanian_Americans"
"Brazilian","List_of_Panamanian_Americans"
"Chilean","List_of_Panamanian_Americans"
"Colombian","List_of_Panamanian_Americans"
"Ecuadorian","List_of_Panamanian_Americans"
"Paraguayan","List_of_Panamanian_Americans"
"Peruvian","List_of_Panamanian_Americans"
"Uruguayan","List_of_Panamanian_Americans"
"Venezuelan","List_of_Panamanian_Americans"
"Spanish","List_of_Panamanian_Americans"
"Asturian","List_of_Panamanian_Americans"
"Basque","List_of_Panamanian_Americans"
"Catalan","List_of_Panamanian_Americans"
"Canarian","List_of_Panamanian_Americans"
"Galician","List_of_Panamanian_Americans"
"Jews","List_of_Panamanian_Americans"
"All groups","List_of_Panamanian_Americans"
"Amerindian","List_of_Panamanian_Americans"
"Asian","List_of_Panamanian_Americans"
"Punjabi","List_of_Panamanian_Americans"
"Black","List_of_Panamanian_Americans"
"White","List_of_Panamanian_Americans"
"Multiracial","List_of_Panamanian_Americans"
"Quadroon","List_of_Panamanian_Americans"
"Castizo","List_of_Panamanian_Americans"
"Mestizo","List_of_Panamanian_Americans"
"Mulatto","List_of_Panamanian_Americans"
"Pardo","List_of_Panamanian_Americans"
"Zambo","List_of_Panamanian_Americans"
"American English","List_of_Panamanian_Americans"
"Chicano","List_of_Panamanian_Americans"
"New Mexican","List_of_Panamanian_Americans"
"New York Latino","List_of_Panamanian_Americans"
"Spanish","List_of_Panamanian_Americans"
"New Mexican Spanish","List_of_Panamanian_Americans"
"Spanglish","List_of_Panamanian_Americans"
"Portuguese","List_of_Panamanian_Americans"
"Christians","List_of_Panamanian_Americans"
"Garifuna","List_of_Panamanian_Americans"
"Jews","List_of_Panamanian_Americans"
"Muslims","List_of_Panamanian_Americans"
"Belizean","List_of_Panamanian_Americans"
"Filipino","List_of_Panamanian_Americans"
"Guyanese","List_of_Panamanian_Americans"
"Haitian","List_of_Panamanian_Americans"
"Portuguese","List_of_Panamanian_Americans"
"Surinamese","List_of_Panamanian_Americans"
"Affluence","List_of_Panamanian_Americans"
"Educational attainment","List_of_Panamanian_Americans"
"Emigration","List_of_Panamanian_Americans"
"Home-ownership","List_of_Panamanian_Americans"
"Household income","List_of_Panamanian_Americans"
"Immigration","List_of_Panamanian_Americans"
"Income inequality","List_of_Panamanian_Americans"
"Language","List_of_Panamanian_Americans"
"LGBT","List_of_Panamanian_Americans"
"Middle classes","List_of_Panamanian_Americans"
"Personal income","List_of_Panamanian_Americans"
"Poverty","List_of_Panamanian_Americans"
"Social class","List_of_Panamanian_Americans"
"Unemployment by state","List_of_Panamanian_Americans"
"Wealth","List_of_Panamanian_Americans"
"Baha'is","List_of_Panamanian_Americans"
"Buddhists","List_of_Panamanian_Americans"
"Christians","List_of_Panamanian_Americans"
"Catholics","List_of_Panamanian_Americans"
"Coptics","List_of_Panamanian_Americans"
"Mormons","List_of_Panamanian_Americans"
"Protestants","List_of_Panamanian_Americans"
"Hindus","List_of_Panamanian_Americans"
"Jains","List_of_Panamanian_Americans"
"Jews","List_of_Panamanian_Americans"
"Muslims","List_of_Panamanian_Americans"
"Ahmadiyyas","List_of_Panamanian_Americans"
"Five Percenters","List_of_Panamanian_Americans"
"Moorish Scientists","List_of_Panamanian_Americans"
"Nation of Islam","List_of_Panamanian_Americans"
"Value Creators","List_of_Panamanian_Americans"
"Neopagans","List_of_Panamanian_Americans"
"Non-religious","List_of_Panamanian_Americans"
"Rastafaris","List_of_Panamanian_Americans"
"Scientologists","List_of_Panamanian_Americans"
"Sikhs","List_of_Panamanian_Americans"
"Zoroastrians","List_of_Panamanian_Americans"
"African diaspora in the Americas","List_of_Panamanian_Americans"
"Afro-Caribbean / West Indian Americans","List_of_Panamanian_Americans"
"Bahamian Americans","List_of_Panamanian_Americans"
"Belizean Americans","List_of_Panamanian_Americans"
"Guyanese Americans","List_of_Panamanian_Americans"
"Haitian Americans","List_of_Panamanian_Americans"
"Jamaican Americans","List_of_Panamanian_Americans"
"Trinidadian and Tobagonian Americans","List_of_Panamanian_Americans"
"Black Hispanic and Latino Americans","List_of_Panamanian_Americans"
"African immigrants to the United States","List_of_Panamanian_Americans"
"Central Africans in the United States","List_of_Panamanian_Americans"
"Horn Africans in the United States","List_of_Panamanian_Americans"
"North Africans in the United States","List_of_Panamanian_Americans"
"Southeast Africans in the United States","List_of_Panamanian_Americans"
"Southern Africans in the United States","List_of_Panamanian_Americans"
"West Africans in the United States","List_of_Panamanian_Americans"
"Asian Americans","List_of_Panamanian_Americans"
"Asian Hispanic and Latino Americans","List_of_Panamanian_Americans"
"Mongolian Americans","List_of_Panamanian_Americans"
"Uzbek Americans","List_of_Panamanian_Americans"
"Chinese Americans","List_of_Panamanian_Americans"
"Hong Kong Americans","List_of_Panamanian_Americans"
"Tibetan Americans","List_of_Panamanian_Americans"
"Taiwanese Americans","List_of_Panamanian_Americans"
"Japanese Americans","List_of_Panamanian_Americans"
"Korean Americans","List_of_Panamanian_Americans"
"Bangladeshi Americans","List_of_Panamanian_Americans"
"Bhutanese Americans","List_of_Panamanian_Americans"
"Indian Americans","List_of_Panamanian_Americans"
"Nepalese Americans","List_of_Panamanian_Americans"
"Pakistani Americans","List_of_Panamanian_Americans"
"Sri Lankan Americans","List_of_Panamanian_Americans"
"Burmese Americans","List_of_Panamanian_Americans"
"Cambodian Americans","List_of_Panamanian_Americans"
"Filipino Americans","List_of_Panamanian_Americans"
"Hmong Americans","List_of_Panamanian_Americans"
"Indonesian Americans","List_of_Panamanian_Americans"
"Laotian Americans","List_of_Panamanian_Americans"
"Malaysian Americans","List_of_Panamanian_Americans"
"Singaporean Americans","List_of_Panamanian_Americans"
"Thai Americans","List_of_Panamanian_Americans"
"Vietnamese Americans","List_of_Panamanian_Americans"
"Romani Americans","List_of_Panamanian_Americans"
"West Asia","List_of_Panamanian_Americans"
"Afghan Americans","List_of_Panamanian_Americans"
"Arab Americans","List_of_Panamanian_Americans"
"Armenian Americans","List_of_Panamanian_Americans"
"Assyrian Americans","List_of_Panamanian_Americans"
"Azerbaijani Americans","List_of_Panamanian_Americans"
"Georgian Americans","List_of_Panamanian_Americans"
"Iranian Americans","List_of_Panamanian_Americans"
"Israeli Americans","List_of_Panamanian_Americans"
"Jewish Americans","List_of_Panamanian_Americans"
"Kazakh Americans","List_of_Panamanian_Americans"
"Kurdish Americans","List_of_Panamanian_Americans"
"Kyrgyz Americans","List_of_Panamanian_Americans"
"Turkish Americans","List_of_Panamanian_Americans"
"White Americans","List_of_Panamanian_Americans"
"Albanian Americans","List_of_Panamanian_Americans"
"British Americans","List_of_Panamanian_Americans"
"English Americans","List_of_Panamanian_Americans"
"Scottish Americans","List_of_Panamanian_Americans"
"Welsh Americans","List_of_Panamanian_Americans"
"Cypriot Americans","List_of_Panamanian_Americans"
"French Americans","List_of_Panamanian_Americans"
"German Americans","List_of_Panamanian_Americans"
"Greek Americans","List_of_Panamanian_Americans"
"Irish Americans","List_of_Panamanian_Americans"
"Italian Americans","List_of_Panamanian_Americans"
"Maltese Americans","List_of_Panamanian_Americans"
"Portuguese Americans","List_of_Panamanian_Americans"
"Romanian Americans","List_of_Panamanian_Americans"
"Scandinavian Americans","List_of_Panamanian_Americans"
"Slavic Americans","List_of_Panamanian_Americans"
"Spanish Americans","List_of_Panamanian_Americans"
"Non-Hispanic whites","List_of_Panamanian_Americans"
"White Hispanic and Latino Americans","List_of_Panamanian_Americans"
"Pacific Islands Americans","List_of_Panamanian_Americans"
"Chamorro Americans","List_of_Panamanian_Americans"
"Native Hawaiians","List_of_Panamanian_Americans"
"Samoan Americans","List_of_Panamanian_Americans"
"Tongan Americans","List_of_Panamanian_Americans"
"Australian Americans","List_of_Panamanian_Americans"
"New Zealand Americans","List_of_Panamanian_Americans"
"Native Americans","List_of_Panamanian_Americans"
"Canadian Americans","List_of_Panamanian_Americans"
"Cuban Americans","List_of_Panamanian_Americans"
"Dominican Americans","List_of_Panamanian_Americans"
"Mexican Americans","List_of_Panamanian_Americans"
"Puerto Ricans (Stateside)","List_of_Panamanian_Americans"
"Hispanic and Latino Americans","List_of_Panamanian_Americans"
"Brazilian Americans","List_of_Panamanian_Americans"
"Colombian Americans","List_of_Panamanian_Americans"
"Ecuadorian Americans","List_of_Panamanian_Americans"
"Amerasian","List_of_Panamanian_Americans"
"Melungeon","List_of_Panamanian_Americans"
"People of the United States / Americans","List_of_Panamanian_Americans"
"American ancestry","List_of_Panamanian_Americans"
"Maps of American ancestries","List_of_Panamanian_Americans"
"2010 Census","List_of_Panamanian_Americans"
"Race and ethnicity in the Census","List_of_Panamanian_Americans"
"Race and ethnicity in the Equal Employment Opportunity Commission","List_of_Panamanian_Americans"
"Racism","List_of_Panamanian_Americans"
"Antiguan and Barbudan","List_of_Panamanian_Americans"
"Bahamian","List_of_Panamanian_Americans"
"Barbadian","List_of_Panamanian_Americans"
"Belizean","List_of_Panamanian_Americans"
"Garifuna","List_of_Panamanian_Americans"
"Bermudian","List_of_Panamanian_Americans"
"Dominican (Dominica)","List_of_Panamanian_Americans"
"Grenadian","List_of_Panamanian_Americans"
"Guyanese","List_of_Panamanian_Americans"
"Jamaican","List_of_Panamanian_Americans"
"Kittian and Nevisian","List_of_Panamanian_Americans"
"Saint Lucian","List_of_Panamanian_Americans"
"Trinidadian and Tobagonian","List_of_Panamanian_Americans"
"Vincentian","List_of_Panamanian_Americans"
"Puerto Rican","List_of_Panamanian_Americans"
"Virgin Islands","List_of_Panamanian_Americans"
"Haitian","List_of_Panamanian_Americans"
"Guadeloupean","List_of_Panamanian_Americans"
"Martiniquan","List_of_Panamanian_Americans"
"Cuban","List_of_Panamanian_Americans"
"Dominican (Dominican Republic)","List_of_Panamanian_Americans"
"Puerto Rican","List_of_Panamanian_Americans"
"Dutch West Indians","List_of_Panamanian_Americans"
"Surinamese","List_of_Panamanian_Americans"
"Indo-Caribbean Americans","List_of_Panamanian_Americans"
"American people of Panamanian descent","List_of_Panamanian_Americans"
