"Moroccan Arabic","List_of_Moroccan_Americans"
"Touriya Haoud","List_of_Moroccan_Americans"
"Kenza Tazi","List_of_Moroccan_Americans"
"Marc Lasry","List_of_Moroccan_Americans"
"Sonia Gardner","List_of_Moroccan_Americans"
"Joseph Chetrit","List_of_Moroccan_Americans"
"RedOne","List_of_Moroccan_Americans"
"Hassan Hakmoun","List_of_Moroccan_Americans"
"Kevin Gates","List_of_Moroccan_Americans"
"David Levy Yulee","List_of_Moroccan_Americans"
"French Montana","List_of_Moroccan_Americans"
"North Africans in the United States","List_of_Moroccan_Americans"
"Berber Americans","List_of_Moroccan_Americans"
"Arab Americans","List_of_Moroccan_Americans"
"Brazil/Peru","List_of_Moroccan_Americans"
"Canada","List_of_Moroccan_Americans"
"France","List_of_Moroccan_Americans"
"Israel","List_of_Moroccan_Americans"
"Italy","List_of_Moroccan_Americans"
"Mali","List_of_Moroccan_Americans"
"Netherlands","List_of_Moroccan_Americans"
"Spain","List_of_Moroccan_Americans"
"Sweden","List_of_Moroccan_Americans"
"United Kingdom","List_of_Moroccan_Americans"
"United States","List_of_Moroccan_Americans"
"Belgium","List_of_Moroccan_Americans"
"Algerian","List_of_Moroccan_Americans"
"Egyptian","List_of_Moroccan_Americans"
"Canarian","List_of_Moroccan_Americans"
"in Louisiana","List_of_Moroccan_Americans"
"Libyan","List_of_Moroccan_Americans"
"Mauritanian","List_of_Moroccan_Americans"
"Sudanese","List_of_Moroccan_Americans"
"Tunisian","List_of_Moroccan_Americans"
"Berber","List_of_Moroccan_Americans"
"Coptic","List_of_Moroccan_Americans"
"Algeria","List_of_Moroccan_Americans"
"Canary Islands","List_of_Moroccan_Americans"
"Libya","List_of_Moroccan_Americans"
"Morocco","List_of_Moroccan_Americans"
"Tunisia","List_of_Moroccan_Americans"
"Burkina Faso","List_of_Moroccan_Americans"
"Egypt","List_of_Moroccan_Americans"
"Mali","List_of_Moroccan_Americans"
"Mauritania","List_of_Moroccan_Americans"
"Niger","List_of_Moroccan_Americans"
"Western Sahara","List_of_Moroccan_Americans"
"France","List_of_Moroccan_Americans"
"Paris","List_of_Moroccan_Americans"
"Belgium","List_of_Moroccan_Americans"
"Netherlands","List_of_Moroccan_Americans"
"Canada","List_of_Moroccan_Americans"
"New Caledonia","List_of_Moroccan_Americans"
"United States","List_of_Moroccan_Americans"
"Algerian","List_of_Moroccan_Americans"
"Egyptian","List_of_Moroccan_Americans"
"Libyan","List_of_Moroccan_Americans"
"Mauritanian","List_of_Moroccan_Americans"
"Somali","List_of_Moroccan_Americans"
"Sudanese","List_of_Moroccan_Americans"
"Tunisian","List_of_Moroccan_Americans"
"Emirati","List_of_Moroccan_Americans"
"Iraqi","List_of_Moroccan_Americans"
"Jordanian","List_of_Moroccan_Americans"
"Kuwaiti","List_of_Moroccan_Americans"
"Lebanese","List_of_Moroccan_Americans"
"Palestinian","List_of_Moroccan_Americans"
"Saudi","List_of_Moroccan_Americans"
"Syrian","List_of_Moroccan_Americans"
"Yemeni","List_of_Moroccan_Americans"
"Detroit","List_of_Moroccan_Americans"
"Algerian","List_of_Moroccan_Americans"
"Berber","List_of_Moroccan_Americans"
"Canarian","List_of_Moroccan_Americans"
"Coptic","List_of_Moroccan_Americans"
"Egyptian","List_of_Moroccan_Americans"
"Libyan","List_of_Moroccan_Americans"
"Mauritanian","List_of_Moroccan_Americans"
"Sudanese","List_of_Moroccan_Americans"
"Tunisian","List_of_Moroccan_Americans"
"Eritrean","List_of_Moroccan_Americans"
"Ethiopian","List_of_Moroccan_Americans"
"Somali","List_of_Moroccan_Americans"
"Bantu in Maine","List_of_Moroccan_Americans"
"Kenyan","List_of_Moroccan_Americans"
"South Sudanese","List_of_Moroccan_Americans"
"Tanzanian","List_of_Moroccan_Americans"
"Ugandan","List_of_Moroccan_Americans"
"Angolan","List_of_Moroccan_Americans"
"Malawian","List_of_Moroccan_Americans"
"South African","List_of_Moroccan_Americans"
"Zimbabwean","List_of_Moroccan_Americans"
"Cameroonian","List_of_Moroccan_Americans"
"Congolese","List_of_Moroccan_Americans"
"Equatoguinean","List_of_Moroccan_Americans"
"Gabonese","List_of_Moroccan_Americans"
"Beninese","List_of_Moroccan_Americans"
"Cape Verdean","List_of_Moroccan_Americans"
"Gambian","List_of_Moroccan_Americans"
"Ghanaian","List_of_Moroccan_Americans"
"Guinean","List_of_Moroccan_Americans"
"Bissau-Guinean","List_of_Moroccan_Americans"
"Ivorian","List_of_Moroccan_Americans"
"Liberian","List_of_Moroccan_Americans"
"Malian","List_of_Moroccan_Americans"
"Nigerian","List_of_Moroccan_Americans"
"Senegalese","List_of_Moroccan_Americans"
"Sierra Leonean","List_of_Moroccan_Americans"
"Togolese","List_of_Moroccan_Americans"
"Berber","List_of_Moroccan_Americans"
"Coptic","List_of_Moroccan_Americans"
"Fula","List_of_Moroccan_Americans"
"Igbo","List_of_Moroccan_Americans"
"Yoruba","List_of_Moroccan_Americans"
"American people of Moroccan descent","List_of_Moroccan_Americans"
