"Mamiko Oshima-Berger","List_of_people_from_the_Northern_Mariana_Islands"
"Yvonne Bennett","List_of_people_from_the_Northern_Mariana_Islands"
"Jericho Cruz","List_of_people_from_the_Northern_Mariana_Islands"
"Jesus T. Iguel","List_of_people_from_the_Northern_Mariana_Islands"
"Sugao Kambe","List_of_people_from_the_Northern_Mariana_Islands"
"Clayton Kenty","List_of_people_from_the_Northern_Mariana_Islands"
"Koo Luam Khen","List_of_people_from_the_Northern_Mariana_Islands"
"Joe Wang Miller","List_of_people_from_the_Northern_Mariana_Islands"
"Beouch Ngirchongor","List_of_people_from_the_Northern_Mariana_Islands"
"Orrin Ogumoro Pharmin","List_of_people_from_the_Northern_Mariana_Islands"
"Jon Sakovich","List_of_people_from_the_Northern_Mariana_Islands"
"Zarinae Sapong","List_of_people_from_the_Northern_Mariana_Islands"
"Kiyoshi Sekiguchi","List_of_people_from_the_Northern_Mariana_Islands"
"Colin Sinclair","List_of_people_from_the_Northern_Mariana_Islands"
"Chikashi Suzuki","List_of_people_from_the_Northern_Mariana_Islands"
"Rezne Wong","List_of_people_from_the_Northern_Mariana_Islands"
"Vicente Camacho","List_of_people_from_the_Northern_Mariana_Islands"
"Larry Hillblom","List_of_people_from_the_Northern_Mariana_Islands"
"Jose Camacho Tenorio","List_of_people_from_the_Northern_Mariana_Islands"
"Gilbert Birnbrich","List_of_people_from_the_Northern_Mariana_Islands"
"Jesus Borja","List_of_people_from_the_Northern_Mariana_Islands"
"Edward Buckingham","List_of_people_from_the_Northern_Mariana_Islands"
"Joe Camacho","List_of_people_from_the_Northern_Mariana_Islands"
"Miguel S. Demapan","List_of_people_from_the_Northern_Mariana_Islands"
"Matthew Gregory","List_of_people_from_the_Northern_Mariana_Islands"
"Ramona Villagomez Manglona","List_of_people_from_the_Northern_Mariana_Islands"
"Edward Manibusan","List_of_people_from_the_Northern_Mariana_Islands"
"Alex R. Munson","List_of_people_from_the_Northern_Mariana_Islands"
"Joey San Nicolas","List_of_people_from_the_Northern_Mariana_Islands"
"David Borja","List_of_people_from_the_Northern_Mariana_Islands"
"Francisco Ada","List_of_people_from_the_Northern_Mariana_Islands"
"James Ada","List_of_people_from_the_Northern_Mariana_Islands"
"Juan Babauta","List_of_people_from_the_Northern_Mariana_Islands"
"Carlos S. Camacho","List_of_people_from_the_Northern_Mariana_Islands"
"Benigno Fitial","List_of_people_from_the_Northern_Mariana_Islands"
"Josie Fitial","List_of_people_from_the_Northern_Mariana_Islands"
"Donald Flores","List_of_people_from_the_Northern_Mariana_Islands"
"Juan Pan Guerrero","List_of_people_from_the_Northern_Mariana_Islands"
"Lorenzo I. De Leon Guerrero","List_of_people_from_the_Northern_Mariana_Islands"
"Ramon Deleon Guerrero","List_of_people_from_the_Northern_Mariana_Islands"
"Heinz Hofschneider","List_of_people_from_the_Northern_Mariana_Islands"
"Jude Hofschneider","List_of_people_from_the_Northern_Mariana_Islands"
"Victor Hocog","List_of_people_from_the_Northern_Mariana_Islands"
"Alice Santos Igitol","List_of_people_from_the_Northern_Mariana_Islands"
"Eloy Inos","List_of_people_from_the_Northern_Mariana_Islands"
"Rita Inos","List_of_people_from_the_Northern_Mariana_Islands"
"Benjamin Manglona","List_of_people_from_the_Northern_Mariana_Islands"
"Janet Maratita","List_of_people_from_the_Northern_Mariana_Islands"
"Felicidad Ogumoro","List_of_people_from_the_Northern_Mariana_Islands"
"Maria Frica Pangelinan","List_of_people_from_the_Northern_Mariana_Islands"
"Jose Santos Rios","List_of_people_from_the_Northern_Mariana_Islands"
"Gregorio Sablan","List_of_people_from_the_Northern_Mariana_Islands"
"Teresita Santos","List_of_people_from_the_Northern_Mariana_Islands"
"Froilan Tenorio","List_of_people_from_the_Northern_Mariana_Islands"
"Pedro Tenorio","List_of_people_from_the_Northern_Mariana_Islands"
"Ralph Torres","List_of_people_from_the_Northern_Mariana_Islands"
"Timothy Villagomez","List_of_people_from_the_Northern_Mariana_Islands"
"Juan B. Tudela","List_of_people_from_the_Northern_Mariana_Islands"
"Tomas Aguon Camacho","List_of_people_from_the_Northern_Mariana_Islands"
"Ryan Jimenez","List_of_people_from_the_Northern_Mariana_Islands"
"Valentine Namio Sengebau","List_of_people_from_the_Northern_Mariana_Islands"
"Alabama","List_of_people_from_the_Northern_Mariana_Islands"
"Alaska","List_of_people_from_the_Northern_Mariana_Islands"
"Arizona","List_of_people_from_the_Northern_Mariana_Islands"
"Arkansas","List_of_people_from_the_Northern_Mariana_Islands"
"California","List_of_people_from_the_Northern_Mariana_Islands"
"Colorado","List_of_people_from_the_Northern_Mariana_Islands"
"Connecticut","List_of_people_from_the_Northern_Mariana_Islands"
"Delaware","List_of_people_from_the_Northern_Mariana_Islands"
"Florida","List_of_people_from_the_Northern_Mariana_Islands"
"Georgia","List_of_people_from_the_Northern_Mariana_Islands"
"Hawaii","List_of_people_from_the_Northern_Mariana_Islands"
"Idaho","List_of_people_from_the_Northern_Mariana_Islands"
"Illinois","List_of_people_from_the_Northern_Mariana_Islands"
"Indiana","List_of_people_from_the_Northern_Mariana_Islands"
"Iowa","List_of_people_from_the_Northern_Mariana_Islands"
"Kansas","List_of_people_from_the_Northern_Mariana_Islands"
"Kentucky","List_of_people_from_the_Northern_Mariana_Islands"
"Louisiana","List_of_people_from_the_Northern_Mariana_Islands"
"Maine","List_of_people_from_the_Northern_Mariana_Islands"
"Maryland","List_of_people_from_the_Northern_Mariana_Islands"
"Massachusetts","List_of_people_from_the_Northern_Mariana_Islands"
"Michigan","List_of_people_from_the_Northern_Mariana_Islands"
"Minnesota","List_of_people_from_the_Northern_Mariana_Islands"
"Mississippi","List_of_people_from_the_Northern_Mariana_Islands"
"Missouri","List_of_people_from_the_Northern_Mariana_Islands"
"Montana","List_of_people_from_the_Northern_Mariana_Islands"
"Nebraska","List_of_people_from_the_Northern_Mariana_Islands"
"Nevada","List_of_people_from_the_Northern_Mariana_Islands"
"New Hampshire","List_of_people_from_the_Northern_Mariana_Islands"
"New Jersey","List_of_people_from_the_Northern_Mariana_Islands"
"New Mexico","List_of_people_from_the_Northern_Mariana_Islands"
"New York","List_of_people_from_the_Northern_Mariana_Islands"
"North Carolina","List_of_people_from_the_Northern_Mariana_Islands"
"North Dakota","List_of_people_from_the_Northern_Mariana_Islands"
"Ohio","List_of_people_from_the_Northern_Mariana_Islands"
"Oklahoma","List_of_people_from_the_Northern_Mariana_Islands"
"Oregon","List_of_people_from_the_Northern_Mariana_Islands"
"Pennsylvania","List_of_people_from_the_Northern_Mariana_Islands"
"Rhode Island","List_of_people_from_the_Northern_Mariana_Islands"
"South Carolina","List_of_people_from_the_Northern_Mariana_Islands"
"South Dakota","List_of_people_from_the_Northern_Mariana_Islands"
"Tennessee","List_of_people_from_the_Northern_Mariana_Islands"
"Texas","List_of_people_from_the_Northern_Mariana_Islands"
"Utah","List_of_people_from_the_Northern_Mariana_Islands"
"Vermont","List_of_people_from_the_Northern_Mariana_Islands"
"Virginia","List_of_people_from_the_Northern_Mariana_Islands"
"Washington","List_of_people_from_the_Northern_Mariana_Islands"
"West Virginia","List_of_people_from_the_Northern_Mariana_Islands"
"Wisconsin","List_of_people_from_the_Northern_Mariana_Islands"
"Wyoming","List_of_people_from_the_Northern_Mariana_Islands"
"American Samoa","List_of_people_from_the_Northern_Mariana_Islands"
"Guam","List_of_people_from_the_Northern_Mariana_Islands"
"Puerto Rico ","List_of_people_from_the_Northern_Mariana_Islands"
"U.S. Virgin Islands","List_of_people_from_the_Northern_Mariana_Islands"
"Northern Mariana Islands-related lists","List_of_people_from_the_Northern_Mariana_Islands"
