"Afghan","List_of_Colombian_Americans"
"African","List_of_Colombian_Americans"
"African-American Jews","List_of_Colombian_Americans"
"Albanian","List_of_Colombian_Americans"
"Amish","List_of_Colombian_Americans"
"Angolan","List_of_Colombian_Americans"
"Antiguan and Barbudan","List_of_Colombian_Americans"
"Arab","List_of_Colombian_Americans"
"Argentine","List_of_Colombian_Americans"
"Armenian","List_of_Colombian_Americans"
"Asian","List_of_Colombian_Americans"
"Assyrian","List_of_Colombian_Americans"
"Australian","List_of_Colombian_Americans"
"Austrian","List_of_Colombian_Americans"
"Azerbaijani","List_of_Colombian_Americans"
"Bahamian","List_of_Colombian_Americans"
"Baloch","List_of_Colombian_Americans"
"Bangladeshi","List_of_Colombian_Americans"
"Barbadian","List_of_Colombian_Americans"
"Belarusian","List_of_Colombian_Americans"
"Belgian","List_of_Colombian_Americans"
"Belizean","List_of_Colombian_Americans"
"Beninese","List_of_Colombian_Americans"
"Bermudian","List_of_Colombian_Americans"
"Bolivian","List_of_Colombian_Americans"
"Bosnian","List_of_Colombian_Americans"
"Brazilian","List_of_Colombian_Americans"
"Bulgarian","List_of_Colombian_Americans"
"Burmese","List_of_Colombian_Americans"
"Cajun","List_of_Colombian_Americans"
"Cambodian","List_of_Colombian_Americans"
"Cameroonian","List_of_Colombian_Americans"
"Canadian","List_of_Colombian_Americans"
"Caribbean","List_of_Colombian_Americans"
"Chilean","List_of_Colombian_Americans"
"Chinese","List_of_Colombian_Americans"
"Fuzhou","List_of_Colombian_Americans"
"Hakka","List_of_Colombian_Americans"
"Taiwan","List_of_Colombian_Americans"
"Hong Kong","List_of_Colombian_Americans"
"Tibetan","List_of_Colombian_Americans"
"Congolese","List_of_Colombian_Americans"
"Coptic","List_of_Colombian_Americans"
"Cossack","List_of_Colombian_Americans"
"Costa Rican","List_of_Colombian_Americans"
"Croatian","List_of_Colombian_Americans"
"Cuban","List_of_Colombian_Americans"
"Cypriot","List_of_Colombian_Americans"
"Czech","List_of_Colombian_Americans"
"Danish","List_of_Colombian_Americans"
"Dominican Americans (Dominica)","List_of_Colombian_Americans"
"Dominican Americans (Dominican Republic)","List_of_Colombian_Americans"
"Dutch","List_of_Colombian_Americans"
"Ecuadorian","List_of_Colombian_Americans"
"Egyptian","List_of_Colombian_Americans"
"Emirati","List_of_Colombian_Americans"
"English","List_of_Colombian_Americans"
"Estonian","List_of_Colombian_Americans"
"Ethiopian","List_of_Colombian_Americans"
"Fijian","List_of_Colombian_Americans"
"Filipino","List_of_Colombian_Americans"
"Finnish","List_of_Colombian_Americans"
"French","List_of_Colombian_Americans"
"Gambian","List_of_Colombian_Americans"
"Georgian","List_of_Colombian_Americans"
"German","List_of_Colombian_Americans"
"Ghanaian","List_of_Colombian_Americans"
"Greek","List_of_Colombian_Americans"
"Guatemalan","List_of_Colombian_Americans"
"Guinean","List_of_Colombian_Americans"
"Guyanese","List_of_Colombian_Americans"
"Haitian","List_of_Colombian_Americans"
"Hispanic and Latino","List_of_Colombian_Americans"
"Hmong","List_of_Colombian_Americans"
"Honduran","List_of_Colombian_Americans"
"Hungarian","List_of_Colombian_Americans"
"Icelandic","List_of_Colombian_Americans"
"Indian","List_of_Colombian_Americans"
"Bengali","List_of_Colombian_Americans"
"Gujarati","List_of_Colombian_Americans"
"Indo-Caribbean","List_of_Colombian_Americans"
"Punjabi","List_of_Colombian_Americans"
"Tamil","List_of_Colombian_Americans"
"Indonesian","List_of_Colombian_Americans"
"Iranian","List_of_Colombian_Americans"
"Iraqi","List_of_Colombian_Americans"
"Irish","List_of_Colombian_Americans"
"Israeli","List_of_Colombian_Americans"
"Italian","List_of_Colombian_Americans"
"Ivorian","List_of_Colombian_Americans"
"Jamaican","List_of_Colombian_Americans"
"Japanese","List_of_Colombian_Americans"
"Jews","List_of_Colombian_Americans"
"Kazakh","List_of_Colombian_Americans"
"Kenyan","List_of_Colombian_Americans"
"Korean","List_of_Colombian_Americans"
"Kurdish","List_of_Colombian_Americans"
"Kuwaiti","List_of_Colombian_Americans"
"Laotian","List_of_Colombian_Americans"
"Latvian","List_of_Colombian_Americans"
"Lebanese","List_of_Colombian_Americans"
"Liberian","List_of_Colombian_Americans"
"Lithuanian","List_of_Colombian_Americans"
"Louisiana Creole","List_of_Colombian_Americans"
"Luxembourg","List_of_Colombian_Americans"
"Macedonian","List_of_Colombian_Americans"
"Malawian","List_of_Colombian_Americans"
"Malian","List_of_Colombian_Americans"
"Maltese","List_of_Colombian_Americans"
"Māori","List_of_Colombian_Americans"
"Mexican","List_of_Colombian_Americans"
"Monegasque","List_of_Colombian_Americans"
"Montenegrin","List_of_Colombian_Americans"
"Moroccan","List_of_Colombian_Americans"
"Native American","List_of_Colombian_Americans"
"Native Hawaiian","List_of_Colombian_Americans"
"Nepalese","List_of_Colombian_Americans"
"New Mexican","List_of_Colombian_Americans"
"New Zealand","List_of_Colombian_Americans"
"Nicaraguan","List_of_Colombian_Americans"
"Nigerian","List_of_Colombian_Americans"
"Norwegian","List_of_Colombian_Americans"
"Pakistani","List_of_Colombian_Americans"
"Baloch","List_of_Colombian_Americans"
"Pashtun","List_of_Colombian_Americans"
"Punjabi","List_of_Colombian_Americans"
"Sindhi","List_of_Colombian_Americans"
"Palauan","List_of_Colombian_Americans"
"Palestinian","List_of_Colombian_Americans"
"Panamanian","List_of_Colombian_Americans"
"Paraguayan","List_of_Colombian_Americans"
"Peruvian","List_of_Colombian_Americans"
"Polish","List_of_Colombian_Americans"
"Portuguese","List_of_Colombian_Americans"
"Puerto Ricans","List_of_Colombian_Americans"
"Stateside","List_of_Colombian_Americans"
"Romani","List_of_Colombian_Americans"
"Romanian","List_of_Colombian_Americans"
"Russian","List_of_Colombian_Americans"
"Rusyn","List_of_Colombian_Americans"
"Salvadoran","List_of_Colombian_Americans"
"Scotch-Irish","List_of_Colombian_Americans"
"Scottish","List_of_Colombian_Americans"
"Senegalese","List_of_Colombian_Americans"
"Serbian","List_of_Colombian_Americans"
"Sicilian","List_of_Colombian_Americans"
"Singaporean","List_of_Colombian_Americans"
"Slovak","List_of_Colombian_Americans"
"Slovene","List_of_Colombian_Americans"
"Somali","List_of_Colombian_Americans"
"South African","List_of_Colombian_Americans"
"South Asian","List_of_Colombian_Americans"
"Bangladeshi","List_of_Colombian_Americans"
"Bhutanese","List_of_Colombian_Americans"
"Indian","List_of_Colombian_Americans"
"Nepalese","List_of_Colombian_Americans"
"Pakistani","List_of_Colombian_Americans"
"Sri Lankan","List_of_Colombian_Americans"
"South Sudanese","List_of_Colombian_Americans"
"Spanish","List_of_Colombian_Americans"
"Hispanos","List_of_Colombian_Americans"
"Sri Lankan","List_of_Colombian_Americans"
"Sudanese","List_of_Colombian_Americans"
"Surinamese","List_of_Colombian_Americans"
"Swedish","List_of_Colombian_Americans"
"Swiss","List_of_Colombian_Americans"
"Syrian","List_of_Colombian_Americans"
"Tajikistani","List_of_Colombian_Americans"
"Tanzanian","List_of_Colombian_Americans"
"Thai","List_of_Colombian_Americans"
"Tongan","List_of_Colombian_Americans"
"Trinidadian and Tobagonian","List_of_Colombian_Americans"
"Turkish","List_of_Colombian_Americans"
"Ugandan","List_of_Colombian_Americans"
"Ukrainian","List_of_Colombian_Americans"
"Uruguayan","List_of_Colombian_Americans"
"Uzbek","List_of_Colombian_Americans"
"Venezuelan","List_of_Colombian_Americans"
"Vietnamese","List_of_Colombian_Americans"
"Welsh","List_of_Colombian_Americans"
"Miguel Gómez","List_of_Colombian_Americans"
"Guilloume","List_of_Colombian_Americans"
"Greg Giraldo","List_of_Colombian_Americans"
"René Moncada","List_of_Colombian_Americans"
"Diego Suarez","List_of_Colombian_Americans"
"Julie Banderas","List_of_Colombian_Americans"
"Monica Fonseca","List_of_Colombian_Americans"
"Ingrid Hoffmann","List_of_Colombian_Americans"
"Nikki Delano","List_of_Colombian_Americans"
"Odette Annable","List_of_Colombian_Americans"
"Moisés Arias","List_of_Colombian_Americans"
"Yancey Arias","List_of_Colombian_Americans"
"Stephanie Beatriz","List_of_Colombian_Americans"
"Héctor Luis Bustamante","List_of_Colombian_Americans"
"Adriana Cataño","List_of_Colombian_Americans"
"Alyssa Diaz","List_of_Colombian_Americans"
"Paula Garcés","List_of_Colombian_Americans"
"Isabella Gomez","List_of_Colombian_Americans"
"Miguel Gomez (actor)","List_of_Colombian_Americans"
"Diane Guerrero","List_of_Colombian_Americans"
"Zulay Henao","List_of_Colombian_Americans"
"Andrew Keegan","List_of_Colombian_Americans"
"John Leguizamo","List_of_Colombian_Americans"
"Kika Perez","List_of_Colombian_Americans"
"Carolina Ravassa","List_of_Colombian_Americans"
"Sonya Smith","List_of_Colombian_Americans"
"Brittany Underwood","List_of_Colombian_Americans"
"Wilmer Valderrama","List_of_Colombian_Americans"
"Carlos Valdes","List_of_Colombian_Americans"
"Alexa Vega","List_of_Colombian_Americans"
"Makenzie Vega","List_of_Colombian_Americans"
"Sofía Vergara","List_of_Colombian_Americans"
"Sofia Carson","List_of_Colombian_Americans"
"Kali Uchis","List_of_Colombian_Americans"
"Lil Pump","List_of_Colombian_Americans"
"Psycho Les","List_of_Colombian_Americans"
"Adassa","List_of_Colombian_Americans"
"Ryan Cabrera","List_of_Colombian_Americans"
"Jason Castro","List_of_Colombian_Americans"
"Freddy Cricien","List_of_Colombian_Americans"
"Robo","List_of_Colombian_Americans"
"Kike Santander","List_of_Colombian_Americans"
"Yasmin Deliz","List_of_Colombian_Americans"
"Carlos Dengler","List_of_Colombian_Americans"
"Santiago Durango","List_of_Colombian_Americans"
"Alex González (musician)","List_of_Colombian_Americans"
"Danny Mercer","List_of_Colombian_Americans"
"Ericson Alexander Molano","List_of_Colombian_Americans"
"Erick Morillo","List_of_Colombian_Americans"
"Billy Murcia","List_of_Colombian_Americans"
"Marty Stuart","List_of_Colombian_Americans"
"Tonedeff","List_of_Colombian_Americans"
"Andrés Useche","List_of_Colombian_Americans"
"DJ Yonny","List_of_Colombian_Americans"
"Rob Swift","List_of_Colombian_Americans"
"Juan Agudelo","List_of_Colombian_Americans"
"Kiko Alonso","List_of_Colombian_Americans"
"Alejandro Bedoya","List_of_Colombian_Americans"
"Daniel Barrera","List_of_Colombian_Americans"
"Lou Castro","List_of_Colombian_Americans"
"Scott Gomez","List_of_Colombian_Americans"
"Diego Gutiérrez (soccer)","List_of_Colombian_Americans"
"Eliot Halverson","List_of_Colombian_Americans"
"George Hincapie","List_of_Colombian_Americans"
"Carlos Llamosa","List_of_Colombian_Americans"
"Travis Pastrana","List_of_Colombian_Americans"
"Fuad Reveiz","List_of_Colombian_Americans"
"Johnny Torres","List_of_Colombian_Americans"
"Fernando Velasco","List_of_Colombian_Americans"
"Manuela Arbeláez","List_of_Colombian_Americans"
"Maria Checa","List_of_Colombian_Americans"
"Nina García","List_of_Colombian_Americans"
"Adrian Lamo","List_of_Colombian_Americans"
"Manuel Teodoro","List_of_Colombian_Americans"
"Diana Farrell","List_of_Colombian_Americans"
"Jeff Frederick","List_of_Colombian_Americans"
"José Sarria","List_of_Colombian_Americans"
"James Cañón","List_of_Colombian_Americans"
"Mo Rocca","List_of_Colombian_Americans"
"Andrés Useche","List_of_Colombian_Americans"
"Jaime Manrique","List_of_Colombian_Americans"
"Jaime Imitola","List_of_Colombian_Americans"
"Juan B. Gutierrez","List_of_Colombian_Americans"
"Rodolfo Llinás","List_of_Colombian_Americans"
"Guillermo Owen","List_of_Colombian_Americans"
"Ana María Rey","List_of_Colombian_Americans"
"José Luis Castillo (activist)","List_of_Colombian_Americans"
"Arturo Escobar","List_of_Colombian_Americans"
"Carlos Goez","List_of_Colombian_Americans"
"Will Jimeno","List_of_Colombian_Americans"
"Andre Melendez","List_of_Colombian_Americans"
"Beto Pérez","List_of_Colombian_Americans"
"Cristina Pérez","List_of_Colombian_Americans"
"Alejandro Santo Domingo","List_of_Colombian_Americans"
"Al Williamson","List_of_Colombian_Americans"
"George Zamka","List_of_Colombian_Americans"
"Lists of American people by ethnic or national origin","List_of_Colombian_Americans"
