"Thai Canadians","List_of_Thai_Americans"
"Thai in the United Kingdom","List_of_Thai_Americans"
"Burma","List_of_Thai_Americans"
"Hong Kong","List_of_Thai_Americans"
"India","List_of_Thai_Americans"
"Malaysia","List_of_Thai_Americans"
"United Arab Emirates","List_of_Thai_Americans"
"Australia","List_of_Thai_Americans"
"New Zealand","List_of_Thai_Americans"
"Canada","List_of_Thai_Americans"
"United Kingdom","List_of_Thai_Americans"
"Mongolian","List_of_Thai_Americans"
"Uzbek","List_of_Thai_Americans"
"Chinese","List_of_Thai_Americans"
"Hong Kong","List_of_Thai_Americans"
"Tibetan","List_of_Thai_Americans"
"Taiwan","List_of_Thai_Americans"
"Hoklo/Hokkien","List_of_Thai_Americans"
"Fuzhou/Hokchiu","List_of_Thai_Americans"
"Hakka","List_of_Thai_Americans"
"Japanese","List_of_Thai_Americans"
"Hawaii","List_of_Thai_Americans"
"Korean","List_of_Thai_Americans"
"Bangladeshi","List_of_Thai_Americans"
"Bengali","List_of_Thai_Americans"
"Bhutanese","List_of_Thai_Americans"
"Indian","List_of_Thai_Americans"
"Indo-Caribbean","List_of_Thai_Americans"
"Bengali","List_of_Thai_Americans"
"Gujarati","List_of_Thai_Americans"
"Punjabi","List_of_Thai_Americans"
"Sindhi","List_of_Thai_Americans"
"Tamil","List_of_Thai_Americans"
"Nepalese","List_of_Thai_Americans"
"Pakistani","List_of_Thai_Americans"
"Baloch","List_of_Thai_Americans"
"Pashtun","List_of_Thai_Americans"
"Punjabi","List_of_Thai_Americans"
"Sindhi","List_of_Thai_Americans"
"Sri Lankan","List_of_Thai_Americans"
"Tamil","List_of_Thai_Americans"
"Burmese","List_of_Thai_Americans"
"Cambodian","List_of_Thai_Americans"
"Filipino","List_of_Thai_Americans"
"Hmong","List_of_Thai_Americans"
"Indonesian","List_of_Thai_Americans"
"Laotian","List_of_Thai_Americans"
"Malaysian","List_of_Thai_Americans"
"Mien","List_of_Thai_Americans"
"Singaporean","List_of_Thai_Americans"
"Vietnamese","List_of_Thai_Americans"
"Asian Hispanic and Latino","List_of_Thai_Americans"
"Punjabi Mexican","List_of_Thai_Americans"
"Multiracial Americans","List_of_Thai_Americans"
"Afro-Asian","List_of_Thai_Americans"
"Amerasian","List_of_Thai_Americans"
"Eurasian","List_of_Thai_Americans"
"General","List_of_Thai_Americans"
"Immigration","List_of_Thai_Americans"
"Military","List_of_Thai_Americans"
"Arts and Entertainment","List_of_Thai_Americans"
"Demographics","List_of_Thai_Americans"
"Politics","List_of_Thai_Americans"
"Stereotypes","List_of_Thai_Americans"
"Buddhists","List_of_Thai_Americans"
"Christians","List_of_Thai_Americans"
"Hindus","List_of_Thai_Americans"
"Jainism","List_of_Thai_Americans"
"Muslims","List_of_Thai_Americans"
"Sikhs","List_of_Thai_Americans"
"California","List_of_Thai_Americans"
"Hawaii","List_of_Thai_Americans"
"Maryland","List_of_Thai_Americans"
"New York City","List_of_Thai_Americans"
"Puerto Rico","List_of_Thai_Americans"
"Washington","List_of_Thai_Americans"
"Asian-American society","List_of_Thai_Americans"
