"Tongan Australians","List_of_Tongan_Americans"
"Tongan New Zealanders","List_of_Tongan_Americans"
"Tonga–United States relations","List_of_Tongan_Americans"
"Chamorros","List_of_Tongan_Americans"
"Marshallese","List_of_Tongan_Americans"
"Micronesian","List_of_Tongan_Americans"
"Palauan","List_of_Tongan_Americans"
"French Polynesian","List_of_Tongan_Americans"
"Māori","List_of_Tongan_Americans"
"Native Hawaiians","List_of_Tongan_Americans"
"Samoan","List_of_Tongan_Americans"
"Fijian","List_of_Tongan_Americans"
"Australian","List_of_Tongan_Americans"
"New Zealander","List_of_Tongan_Americans"
"Oceanian Americans","List_of_Tongan_Americans"
"Pacific Islanders","List_of_Tongan_Americans"
"Asian Pacific American","List_of_Tongan_Americans"
"Pacific Island migration and Pacific Island American identities","List_of_Tongan_Americans"
"Affluence","List_of_Tongan_Americans"
"Educational attainment","List_of_Tongan_Americans"
"Emigration","List_of_Tongan_Americans"
"Home-ownership","List_of_Tongan_Americans"
"Household income","List_of_Tongan_Americans"
"Immigration","List_of_Tongan_Americans"
"Income inequality","List_of_Tongan_Americans"
"Language","List_of_Tongan_Americans"
"LGBT","List_of_Tongan_Americans"
"Middle classes","List_of_Tongan_Americans"
"Personal income","List_of_Tongan_Americans"
"Poverty","List_of_Tongan_Americans"
"Social class","List_of_Tongan_Americans"
"Unemployment by state","List_of_Tongan_Americans"
"Wealth","List_of_Tongan_Americans"
"Baha'is","List_of_Tongan_Americans"
"Buddhists","List_of_Tongan_Americans"
"Christians","List_of_Tongan_Americans"
"Catholics","List_of_Tongan_Americans"
"Coptics","List_of_Tongan_Americans"
"Mormons","List_of_Tongan_Americans"
"Protestants","List_of_Tongan_Americans"
"Hindus","List_of_Tongan_Americans"
"Jains","List_of_Tongan_Americans"
"Jews","List_of_Tongan_Americans"
"Muslims","List_of_Tongan_Americans"
"Ahmadiyyas","List_of_Tongan_Americans"
"Five Percenters","List_of_Tongan_Americans"
"Moorish Scientists","List_of_Tongan_Americans"
"Nation of Islam","List_of_Tongan_Americans"
"Value Creators","List_of_Tongan_Americans"
"Neopagans","List_of_Tongan_Americans"
"Non-religious","List_of_Tongan_Americans"
"Rastafaris","List_of_Tongan_Americans"
"Scientologists","List_of_Tongan_Americans"
"Sikhs","List_of_Tongan_Americans"
"Zoroastrians","List_of_Tongan_Americans"
"African diaspora in the Americas","List_of_Tongan_Americans"
"Afro-Caribbean / West Indian Americans","List_of_Tongan_Americans"
"Bahamian Americans","List_of_Tongan_Americans"
"Belizean Americans","List_of_Tongan_Americans"
"Guyanese Americans","List_of_Tongan_Americans"
"Haitian Americans","List_of_Tongan_Americans"
"Jamaican Americans","List_of_Tongan_Americans"
"Trinidadian and Tobagonian Americans","List_of_Tongan_Americans"
"Black Hispanic and Latino Americans","List_of_Tongan_Americans"
"African immigrants to the United States","List_of_Tongan_Americans"
"Central Africans in the United States","List_of_Tongan_Americans"
"Horn Africans in the United States","List_of_Tongan_Americans"
"North Africans in the United States","List_of_Tongan_Americans"
"Southeast Africans in the United States","List_of_Tongan_Americans"
"Southern Africans in the United States","List_of_Tongan_Americans"
"West Africans in the United States","List_of_Tongan_Americans"
"Asian Americans","List_of_Tongan_Americans"
"Asian Hispanic and Latino Americans","List_of_Tongan_Americans"
"Mongolian Americans","List_of_Tongan_Americans"
"Uzbek Americans","List_of_Tongan_Americans"
"Chinese Americans","List_of_Tongan_Americans"
"Hong Kong Americans","List_of_Tongan_Americans"
"Tibetan Americans","List_of_Tongan_Americans"
"Taiwanese Americans","List_of_Tongan_Americans"
"Japanese Americans","List_of_Tongan_Americans"
"Korean Americans","List_of_Tongan_Americans"
"Bangladeshi Americans","List_of_Tongan_Americans"
"Bhutanese Americans","List_of_Tongan_Americans"
"Indian Americans","List_of_Tongan_Americans"
"Nepalese Americans","List_of_Tongan_Americans"
"Pakistani Americans","List_of_Tongan_Americans"
"Sri Lankan Americans","List_of_Tongan_Americans"
"Burmese Americans","List_of_Tongan_Americans"
"Cambodian Americans","List_of_Tongan_Americans"
"Filipino Americans","List_of_Tongan_Americans"
"Hmong Americans","List_of_Tongan_Americans"
"Indonesian Americans","List_of_Tongan_Americans"
"Laotian Americans","List_of_Tongan_Americans"
"Malaysian Americans","List_of_Tongan_Americans"
"Singaporean Americans","List_of_Tongan_Americans"
"Thai Americans","List_of_Tongan_Americans"
"Vietnamese Americans","List_of_Tongan_Americans"
"Romani Americans","List_of_Tongan_Americans"
"West Asia","List_of_Tongan_Americans"
"Afghan Americans","List_of_Tongan_Americans"
"Arab Americans","List_of_Tongan_Americans"
"Armenian Americans","List_of_Tongan_Americans"
"Assyrian Americans","List_of_Tongan_Americans"
"Azerbaijani Americans","List_of_Tongan_Americans"
"Georgian Americans","List_of_Tongan_Americans"
"Iranian Americans","List_of_Tongan_Americans"
"Israeli Americans","List_of_Tongan_Americans"
"Jewish Americans","List_of_Tongan_Americans"
"Kazakh Americans","List_of_Tongan_Americans"
"Kurdish Americans","List_of_Tongan_Americans"
"Kyrgyz Americans","List_of_Tongan_Americans"
"Turkish Americans","List_of_Tongan_Americans"
"White Americans","List_of_Tongan_Americans"
"Albanian Americans","List_of_Tongan_Americans"
"British Americans","List_of_Tongan_Americans"
"English Americans","List_of_Tongan_Americans"
"Scottish Americans","List_of_Tongan_Americans"
"Welsh Americans","List_of_Tongan_Americans"
"Cypriot Americans","List_of_Tongan_Americans"
"French Americans","List_of_Tongan_Americans"
"German Americans","List_of_Tongan_Americans"
"Greek Americans","List_of_Tongan_Americans"
"Irish Americans","List_of_Tongan_Americans"
"Italian Americans","List_of_Tongan_Americans"
"Maltese Americans","List_of_Tongan_Americans"
"Portuguese Americans","List_of_Tongan_Americans"
"Romanian Americans","List_of_Tongan_Americans"
"Scandinavian Americans","List_of_Tongan_Americans"
"Slavic Americans","List_of_Tongan_Americans"
"Spanish Americans","List_of_Tongan_Americans"
"Non-Hispanic whites","List_of_Tongan_Americans"
"White Hispanic and Latino Americans","List_of_Tongan_Americans"
"Pacific Islands Americans","List_of_Tongan_Americans"
"Chamorro Americans","List_of_Tongan_Americans"
"Native Hawaiians","List_of_Tongan_Americans"
"Samoan Americans","List_of_Tongan_Americans"
"Australian Americans","List_of_Tongan_Americans"
"New Zealand Americans","List_of_Tongan_Americans"
"Native Americans","List_of_Tongan_Americans"
"Canadian Americans","List_of_Tongan_Americans"
"Cuban Americans","List_of_Tongan_Americans"
"Dominican Americans","List_of_Tongan_Americans"
"Mexican Americans","List_of_Tongan_Americans"
"Puerto Ricans (Stateside)","List_of_Tongan_Americans"
"Hispanic and Latino Americans","List_of_Tongan_Americans"
"Brazilian Americans","List_of_Tongan_Americans"
"Colombian Americans","List_of_Tongan_Americans"
"Ecuadorian Americans","List_of_Tongan_Americans"
"Amerasian","List_of_Tongan_Americans"
"Melungeon","List_of_Tongan_Americans"
"People of the United States / Americans","List_of_Tongan_Americans"
"American ancestry","List_of_Tongan_Americans"
"Maps of American ancestries","List_of_Tongan_Americans"
"2010 Census","List_of_Tongan_Americans"
"Race and ethnicity in the Census","List_of_Tongan_Americans"
"Race and ethnicity in the Equal Employment Opportunity Commission","List_of_Tongan_Americans"
"Racism","List_of_Tongan_Americans"
"American people of Tongan descent","List_of_Tongan_Americans"
