"Lída Baarová","List_of_Czechs"
"Jiří Bartoška","List_of_Czechs"
"Vlasta Burian","List_of_Czechs"
"Anna Geislerová","List_of_Czechs"
"Nataša Gollová","List_of_Czechs"
"Jiří Grossmann","List_of_Czechs"
"Miroslav Horníček","List_of_Czechs"
"Rudolf Hrušínský","List_of_Czechs"
"Zorka Janů","List_of_Czechs"
"Petr Kostka","List_of_Czechs"
"Herbert Lom","List_of_Czechs"
"Adina Mandlová","List_of_Czechs"
"Vladimír Menšík","List_of_Czechs"
"Gustav Nezval","List_of_Czechs"
"David Nykl","List_of_Czechs"
"Anny Ondra","List_of_Czechs"
"Karel Roden","List_of_Czechs"
"Libuše Šafránková","List_of_Czechs"
"Jan Tříska","List_of_Czechs"
"Tatiana Vilhelmová","List_of_Czechs"
"Eduard Vojan","List_of_Czechs"
"Jiří Voskovec","List_of_Czechs"
"Jan Werich","List_of_Czechs"
"Stella Zázvorková","List_of_Czechs"
"Jan Santini Aichel","List_of_Czechs"
"Matthias of Arras","List_of_Czechs"
"Jakub Bursa","List_of_Czechs"
"Josef Chochol","List_of_Czechs"
"Kilian Ignaz Dientzenhofer","List_of_Czechs"
"Alois Dryák","List_of_Czechs"
"Josef Gočár","List_of_Czechs"
"Josef Hoffmann","List_of_Czechs"
"Eva Jiřičná","List_of_Czechs"
"František Maxmilián Kaňka","List_of_Czechs"
"Jan Kaplický","List_of_Czechs"
"Jan Kotěra","List_of_Czechs"
"Zdeněk Kovář","List_of_Czechs"
"Jakub Krčín","List_of_Czechs"
"Jaromír Krejcar","List_of_Czechs"
"Adolf Loos","List_of_Czechs"
"Josef Mocker","List_of_Czechs"
"Štěpánek Netolický","List_of_Czechs"
"Balthasar Neumann","List_of_Czechs"
"Josef Niklas","List_of_Czechs"
"Joseph Maria Olbrich","List_of_Czechs"
"Peter Parler","List_of_Czechs"
"Milada Petříková-Pavlíková","List_of_Czechs"
"Bořek Šípek","List_of_Czechs"
"Michal Ajvaz","List_of_Czechs"
"Jindřich Šimon Baar","List_of_Czechs"
"Jan Blahoslav","List_of_Czechs"
"Karel Havlíček Borovský","List_of_Czechs"
"Max Brod","List_of_Czechs"
"Otokar Březina","List_of_Czechs"
"Karel Čapek","List_of_Czechs"
"Svatopluk Čech","List_of_Czechs"
"František Čelakovský","List_of_Czechs"
"Cosmas of Prague","List_of_Czechs"
"Jakub Deml","List_of_Czechs"
"Ivan Diviš","List_of_Czechs"
"Jaroslav Durych","List_of_Czechs"
"Viktor Dyk","List_of_Czechs"
"Marie von Ebner-Eschenbach","List_of_Czechs"
"Karel Jaromír Erben","List_of_Czechs"
"Jaroslav Foglar","List_of_Czechs"
"Julius Fučík","List_of_Czechs"
"Ladislav Fuks","List_of_Czechs"
"František Gellner","List_of_Czechs"
"Jaroslav Hašek","List_of_Czechs"
"Vladimír Holan","List_of_Czechs"
"Miroslav Holub","List_of_Czechs"
"Bohumil Hrabal","List_of_Czechs"
"Václav Hrabě","List_of_Czechs"
"František Hrubín","List_of_Czechs"
"Petr Hruška","List_of_Czechs"
"Miroslav Ivanov","List_of_Czechs"
"Boleslav Jablonský","List_of_Czechs"
"Josef Jedlička","List_of_Czechs"
"Milena Jesenská","List_of_Czechs"
"Alois Jirásek","List_of_Czechs"
"Franz Kafka","List_of_Czechs"
"Václav Kaplický","List_of_Czechs"
"Egon Kisch","List_of_Czechs"
"Václav Kliment Klicpera","List_of_Czechs"
"Pavel Kohout","List_of_Czechs"
"Karl Kraus","List_of_Czechs"
"Jan Křesadlo","List_of_Czechs"
"Karel Kryl","List_of_Czechs"
"Milan Kundera","List_of_Czechs"
"František Langer","List_of_Czechs"
"Bohuslav z Lobkovic","List_of_Czechs"
"Arnošt Lustig","List_of_Czechs"
"Karel Hynek Mácha","List_of_Czechs"
"Jiří Mahen","List_of_Czechs"
"Rudolf Medek","List_of_Czechs"
"Ondřej Neff","List_of_Czechs"
"Vladimír Neff","List_of_Czechs"
"Božena Němcová","List_of_Czechs"
"Jan Neruda","List_of_Czechs"
"Vítězslav Nezval","List_of_Czechs"
"Ota Pavel","List_of_Czechs"
"Ferdinand Peroutka","List_of_Czechs"
"Eduard Petiška","List_of_Czechs"
"Otfried Preussler","List_of_Czechs"
"Bohuslav Reynek","List_of_Czechs"
"Rainer Maria Rilke","List_of_Czechs"
"John of Rokycan","List_of_Czechs"
"Karel Sabina","List_of_Czechs"
"Jaroslav Seifert","List_of_Czechs"
"Jan Skácel","List_of_Czechs"
"Josef Škvorecký","List_of_Czechs"
"Adalbert Stifter","List_of_Czechs"
"Tom Stoppard","List_of_Czechs"
"Zdeněk Svěrák","List_of_Czechs"
"Karel Teige","List_of_Czechs"
"Jáchym Topol","List_of_Czechs"
"Jan Matzal Troska","List_of_Czechs"
"Josef Kajetán Tyl","List_of_Czechs"
"Miloš Urban","List_of_Czechs"
"Josef Váchal","List_of_Czechs"
"Vladislav Vančura","List_of_Czechs"
"Michal Viewegh","List_of_Czechs"
"Jaroslav Vrchlický","List_of_Czechs"
"Franz Werfel","List_of_Czechs"
"Jan Werich","List_of_Czechs"
"Ivan Wernisch","List_of_Czechs"
"Zikmund Winter","List_of_Czechs"
"Jiří Wolker","List_of_Czechs"
"Jan Zábrana","List_of_Czechs"
"Jan Zahradníček","List_of_Czechs"
"Vojtech Zamarovský","List_of_Czechs"
"Julius Zeyer","List_of_Czechs"
"Ivana Christová","List_of_Czechs"
"Tereza Fajksová","List_of_Czechs"
"Taťána Kuchařová","List_of_Czechs"
"Ralph Benatzky","List_of_Czechs"
"František Benda","List_of_Czechs"
"Jiří Antonín Benda","List_of_Czechs"
"Karel Bendl","List_of_Czechs"
"Heinrich Ignaz Franz Biber","List_of_Czechs"
"Vilém Blodek","List_of_Czechs"
"Pavel Borkovec","List_of_Czechs"
"František Xaver Brixi","List_of_Czechs"
"Bohuslav Černohorský","List_of_Czechs"
"Alexander Dreyschock","List_of_Czechs"
"František Xaver Dušek","List_of_Czechs"
"Jan Ladislav Dusík","List_of_Czechs"
"Antonín Dvořák","List_of_Czechs"
"Josef Fiala","List_of_Czechs"
"Zdeněk Fibich","List_of_Czechs"
"Josef Bohuslav Foerster","List_of_Czechs"
"Vladimír Franz","List_of_Czechs"
"Julius Fučík","List_of_Czechs"
"Pavel Haas","List_of_Czechs"
"Alois Hába","List_of_Czechs"
"Jan Hammer","List_of_Czechs"
"Jan Hanuš","List_of_Czechs"
"Kryštof Harant z Polžic a Bezdružic","List_of_Czechs"
"Ilja Hurník","List_of_Czechs"
"Leoš Janáček","List_of_Czechs"
"Otakar Jeremiáš","List_of_Czechs"
"Jaroslav Ježek","List_of_Czechs"
"Karel Boleslav Jirák","List_of_Czechs"
"Vojtěch Jírovec","List_of_Czechs"
"Václav Kaprál","List_of_Czechs"
"Vítězslava Kaprálová","List_of_Czechs"
"Rudolf Karel","List_of_Czechs"
"Erich Wolfgang Korngold","List_of_Czechs"
"Petr Kotík","List_of_Czechs"
"Jan Antonín Koželuh","List_of_Czechs"
"Leopold Koželuh","List_of_Czechs"
"Hans Krása","List_of_Czechs"
"Ernst Krenek","List_of_Czechs"
"Jan Křtitel Krumpholtz","List_of_Czechs"
"Jan Kubelík","List_of_Czechs"
"Rafael Kubelík","List_of_Czechs"
"Ladislav Kubík","List_of_Czechs"
"Jan Křtitel Kuchař","List_of_Czechs"
"Jiří Ignác Linek","List_of_Czechs"
"Gustav Mahler","List_of_Czechs"
"Bohuslav Martinů","List_of_Czechs"
"František Míča","List_of_Czechs"
"Adam Václav Michna z Otradovic","List_of_Czechs"
"Oskar Morawetz","List_of_Czechs"
"Josef Mysliveček","List_of_Czechs"
"Oskar Nedbal","List_of_Czechs"
"Jan Novák","List_of_Czechs"
"Vítězslav Novák","List_of_Czechs"
"Antonín Rejcha","List_of_Czechs"
"František Xaver Richter","List_of_Czechs"
"Jan Jakub Ryba","List_of_Czechs"
"Ervín Schulhoff","List_of_Czechs"
"Josef Seger","List_of_Czechs"
"František Škroup","List_of_Czechs"
"Bedřich Smetana","List_of_Czechs"
"Anton Stamitz","List_of_Czechs"
"Karel Stamitz","List_of_Czechs"
"Johann Stamitz","List_of_Czechs"
"Josef Suk","List_of_Czechs"
"Karel Svoboda","List_of_Czechs"
"Viktor Ullmann","List_of_Czechs"
"Dalibor Cyril Vačkář","List_of_Czechs"
"Jaromír Vejvoda","List_of_Czechs"
"Jan Václav Voříšek","List_of_Czechs"
"Pavel Vranický","List_of_Czechs"
"Ladislav Vycpálek","List_of_Czechs"
"Johann Baptist Wanhal","List_of_Czechs"
"Jan Zach","List_of_Czechs"
"Jan Dismas Zelenka","List_of_Czechs"
"Otakar Zich","List_of_Czechs"
"Karel Ančerl","List_of_Czechs"
"Jiří Bělohlávek","List_of_Czechs"
"Gabriela Beňačková","List_of_Czechs"
"Alfred Brendel","List_of_Czechs"
"Ema Destinnová","List_of_Czechs"
"Ewa Farna","List_of_Czechs"
"Michaela Fukačová","List_of_Czechs"
"Karel Gott","List_of_Czechs"
"Alice Herz-Sommer","List_of_Czechs"
"Maria Jeritza","List_of_Czechs"
"Jiří Jirmal","List_of_Czechs"
"Markéta Irglová","List_of_Czechs"
"Mikolas Josef","List_of_Czechs"
"Gabriela Gunčíková","List_of_Czechs"
"Martina Bárta","List_of_Czechs"
"Marta Jandová","List_of_Czechs"
"Vaclav Noid Barta","List_of_Czechs"
"Tomas Kalnoky","List_of_Czechs"
"Karel Kovařovic","List_of_Czechs"
"Magdalena Kožená","List_of_Czechs"
"Antonín Kraft","List_of_Czechs"
"Ivan Kral","List_of_Czechs"
"Karel Kryl","List_of_Czechs"
"Jan Kubelík","List_of_Czechs"
"Daniel Landa","List_of_Czechs"
"Aneta Langerová","List_of_Czechs"
"Ferdinand Laub","List_of_Czechs"
"Jan Antonín Losy","List_of_Czechs"
"Waldemar Matuška","List_of_Czechs"
"Ivan Moravec","List_of_Czechs"
"Ignaz Moscheles","List_of_Czechs"
"Eduard Nápravník","List_of_Czechs"
"Václav Neumann","List_of_Czechs"
"Jaromír Nohavica","List_of_Czechs"
"Jarmila Novotná","List_of_Czechs"
"Josef Páleníček","List_of_Czechs"
"Libor Pešek","List_of_Czechs"
"Karel Plíhal","List_of_Czechs"
"David Popper","List_of_Czechs"
"Rudolf Serkin","List_of_Czechs"
"Otakar Ševčík","List_of_Czechs"
"Leo Slezak","List_of_Czechs"
"Jiří Stivín","List_of_Czechs"
"Karel Strakatý","List_of_Czechs"
"Vaclav Talich","List_of_Czechs"
"Vilém Tauský","List_of_Czechs"
"Štěpán Rak","List_of_Czechs"
"Zuzana Růžičková","List_of_Czechs"
"Miroslav Vitouš","List_of_Czechs"
"Antonín Vranický","List_of_Czechs"
"Hana Zagorová","List_of_Czechs"
"Wojciech Żywny","List_of_Czechs"
"František Čáp","List_of_Czechs"
"Věra Chytilová","List_of_Czechs"
"Miloš Forman","List_of_Czechs"
"Karl Freund","List_of_Czechs"
"Jan Hřebejk","List_of_Czechs"
"Jaromil Jireš","List_of_Czechs"
"Elmar Klos","List_of_Czechs"
"Oldřich Lipský","List_of_Czechs"
"Jiří Menzel","List_of_Czechs"
"Zdeněk Miler","List_of_Czechs"
"Georg Wilhelm Pabst","List_of_Czechs"
"Ivan Passer","List_of_Czechs"
"Jan Pinkava","List_of_Czechs"
"Břetislav Pojar","List_of_Czechs"
"Alfréd Radok","List_of_Czechs"
"Emil Radok","List_of_Czechs"
"Karel Reisz","List_of_Czechs"
"Bohdan Sláma","List_of_Czechs"
"Ladislav Smoljak","List_of_Czechs"
"Jan Švankmajer","List_of_Czechs"
"Jan Svěrák","List_of_Czechs"
"Jan Tománek","List_of_Czechs"
"Jiří Trnka","List_of_Czechs"
"Zdeněk Troška","List_of_Czechs"
"Hermína Týrlová","List_of_Czechs"
"Otakar Vávra","List_of_Czechs"
"František Vláčil","List_of_Czechs"
"Karel Zeman","List_of_Czechs"
"Josef Bryks","List_of_Czechs"
"Alois Eliáš","List_of_Czechs"
"Josef František","List_of_Czechs"
"Radola Gajda","List_of_Czechs"
"Kurt Knispel","List_of_Czechs"
"Karel Kuttelwascher","List_of_Czechs"
"František Moravec","List_of_Czechs"
"František Peřina","List_of_Czechs"
"Prokop the Great","List_of_Czechs"
"Joseph Radetzky von Radetz","List_of_Czechs"
"Ludvík Svoboda","List_of_Czechs"
"Jan Syrový","List_of_Czechs"
"Albrecht von Wallenstein","List_of_Czechs"
"Jan Žižka","List_of_Czechs"
"Tereza Fajksová","List_of_Czechs"
"Eva Herzigová","List_of_Czechs"
"Karolína Kurková","List_of_Czechs"
"Tereza Maxová","List_of_Czechs"
"Petra Němcová","List_of_Czechs"
"Daniela Peštová","List_of_Czechs"
"Pavlína Pořízková","List_of_Czechs"
"Alena Šeredová","List_of_Czechs"
"Hana Soukupová","List_of_Czechs"
"Ivana Trump","List_of_Czechs"
"Veronika Vařeková","List_of_Czechs"
"Mikoláš Aleš","List_of_Czechs"
"Petr Brandl","List_of_Czechs"
"Václav Brožík","List_of_Czechs"
"Ota Bubeníček","List_of_Czechs"
"Zdeněk Burian","List_of_Czechs"
"Josef Čapek","List_of_Czechs"
"Antonin Chittussi","List_of_Czechs"
"Alén Diviš","List_of_Czechs"
"Emil Filla","List_of_Czechs"
"Václav Hollar","List_of_Czechs"
"Stanislav Holý","List_of_Czechs"
"Jan Jakub Quirin Jahn","List_of_Czechs"
"František Kaván","List_of_Czechs"
"Karel Klíč","List_of_Czechs"
"Jiří Kolář","List_of_Czechs"
"Jan Konůpek","List_of_Czechs"
"Ludvík Kuba","List_of_Czechs"
"Alfred Kubin","List_of_Czechs"
"Otakar Kubín","List_of_Czechs"
"Jan Kupecký","List_of_Czechs"
"František Kupka","List_of_Czechs"
"Josef Lada","List_of_Czechs"
"Martin Mainer","List_of_Czechs"
"Josef Mánes","List_of_Czechs"
"Julius Edvard Marak","List_of_Czechs"
"Mikuláš Medek","List_of_Czechs"
"Anton Raphael Mengs","List_of_Czechs"
"Alfons Mucha","List_of_Czechs"
"Josef Navrátil","List_of_Czechs"
"Emil Orlik","List_of_Czechs"
"Jaro Procházka","List_of_Czechs"
"Václav Vavřinec Reiner","List_of_Czechs"
"Teodor Rotrekl","List_of_Czechs"
"Otakar Sedloň","List_of_Czechs"
"Karel Škréta","List_of_Czechs"
"Antonín Slavíček","List_of_Czechs"
"Václav Špála","List_of_Czechs"
"Eva Švankmajerová","List_of_Czechs"
"Theodoric of Prague","List_of_Czechs"
"Toyen","List_of_Czechs"
"Vladimír Vašíček","List_of_Czechs"
"Helena Zmatlíková","List_of_Czechs"
"Jan Zrzavý","List_of_Czechs"
"Václav Bělohradský","List_of_Czechs"
"Arnošt Bláha","List_of_Czechs"
"Egon Bondy","List_of_Czechs"
"Václav Černý","List_of_Czechs"
"Petr Chelčický","List_of_Czechs"
"Herbert Feigl","List_of_Czechs"
"Vilém Flusser","List_of_Czechs"
"Ernest Gellner","List_of_Czechs"
"Edmund Husserl","List_of_Czechs"
"Jerome of Prague","List_of_Czechs"
"Karl Kautsky","List_of_Czechs"
"Hans Kelsen","List_of_Czechs"
"František Klácel","List_of_Czechs"
"Ladislav Klíma","List_of_Czechs"
"Jan Amos Komenský","List_of_Czechs"
"Karel Kosík","List_of_Czechs"
"Jan Patočka","List_of_Czechs"
"Emanuel Rádl","List_of_Czechs"
"Radovan Richta","List_of_Czechs"
"Rudolf Bruner-Dvořák","List_of_Czechs"
"František Drtikol","List_of_Czechs"
"Jaromír Funke","List_of_Czechs"
"Josef Koudelka","List_of_Czechs"
"Antonin Kratochvil","List_of_Czechs"
"Frank Plicka","List_of_Czechs"
"Jan Saudek","List_of_Czechs"
"Alexander Seik","List_of_Czechs"
"Ladislav Sitenský","List_of_Czechs"
"Josef Sudek","List_of_Czechs"
"Miroslav Tichý","List_of_Czechs"
"Madeleine Albright","List_of_Czechs"
"Ivana Bacik","List_of_Czechs"
"Edvard Beneš","List_of_Czechs"
"Jerzy Buzek","List_of_Czechs"
"Charles IV","List_of_Czechs"
"Karl von Czyhlarz","List_of_Czechs"
"Klement Gottwald","List_of_Czechs"
"Emil Hácha","List_of_Czechs"
"Václav Havel","List_of_Czechs"
"Milada Horáková","List_of_Czechs"
"Otto Jelinek","List_of_Czechs"
"Václav Klaus","List_of_Czechs"
"Juscelino Kubitschek","List_of_Czechs"
"Jan Masaryk","List_of_Czechs"
"Tomáš G. Masaryk","List_of_Czechs"
"Mikuláš of Hus","List_of_Czechs"
"Emanuel Moravec","List_of_Czechs"
"Antonín Novotný","List_of_Czechs"
"Přemysl Otakar II","List_of_Czechs"
"George of Poděbrady","List_of_Czechs"
"Karl Renner","List_of_Czechs"
"Rudolf II","List_of_Czechs"
"Adolf Schärf","List_of_Czechs"
"Jan Švejnar","List_of_Czechs"
"Ludvík Svoboda","List_of_Czechs"
"Mirek Topolánek","List_of_Czechs"
"Wenceslas I, Duke of Bohemia","List_of_Czechs"
"Wenceslaus IV of Bohemia","List_of_Czechs"
"Miloš Zeman","List_of_Czechs"
"Josef Beran","List_of_Czechs"
"Petr Chelčický","List_of_Czechs"
"Tomáš Halík","List_of_Czechs"
"Jan Hus","List_of_Czechs"
"Judah Loew ben Bezalel","List_of_Czechs"
"Tomáš Špidlík","List_of_Czechs"
"František Tomášek","List_of_Czechs"
"Franta Bělský","List_of_Czechs"
"Břetislav Benda","List_of_Czechs"
"František Bílek","List_of_Czechs"
"Matthias Bernard Braun","List_of_Czechs"
"Ferdinand Maxmilian Brokoff","List_of_Czechs"
"Jan Brokoff","List_of_Czechs"
"Michael Joseph Brokoff","List_of_Czechs"
"Alfréd Hrdlička","List_of_Czechs"
"Bohumil Kafka","List_of_Czechs"
"Vincenc Makovský","List_of_Czechs"
"Josef Václav Myslbek","List_of_Czechs"
"Zoja Trofimiuk","List_of_Czechs"
"Lea Vivot","List_of_Czechs"
"Vladimir Winkler","List_of_Czechs"
"Ladislav Zívr","List_of_Czechs"
"Olbram Zoubek","List_of_Czechs"
"Karel Absolon","List_of_Czechs"
"Josef Augusta","List_of_Czechs"
"Jiří Baborovský","List_of_Czechs"
"Jindřich Bačkovský","List_of_Czechs"
"Jan Bašta","List_of_Czechs"
"Eugen Böhm von Bawerk","List_of_Czechs"
"František Běhounek","List_of_Czechs"
"Vincent Bochdalek","List_of_Czechs"
"Johann Böhm","List_of_Czechs"
"Bernard Bolzano","List_of_Czechs"
"Otakar Borůvka","List_of_Czechs"
"Josef Božek","List_of_Czechs"
"Eduard Čech","List_of_Czechs"
"František Čelakovský","List_of_Czechs"
"Václav Cílek","List_of_Czechs"
"Jan Amos Comenius","List_of_Czechs"
"Gerty Cori","List_of_Czechs"
"Carl Ferdinand Cori","List_of_Czechs"
"Leander Czerny","List_of_Czechs"
"Václav Prokop Diviš","List_of_Czechs"
"Josef Dobrovský","List_of_Czechs"
"Karel Fortyn","List_of_Czechs"
"Sigmund Freud","List_of_Czechs"
"František Josef Gerstner","List_of_Czechs"
"Kurt Gödel","List_of_Czechs"
"Stanislav Grof","List_of_Czechs"
"Peter Grünberg","List_of_Czechs"
"Jiří Grygar","List_of_Czechs"
"Jan Hajek","List_of_Czechs"
"Jaroslav Hájek","List_of_Czechs"
"Tadeáš Hájek","List_of_Czechs"
"Lumír Ondřej Hanuš","List_of_Czechs"
"Ferdinand Ritter von Hebra","List_of_Czechs"
"Jaroslav Heyrovský","List_of_Czechs"
"Václav Hlavatý","List_of_Czechs"
"Ivan Honl","List_of_Czechs"
"Kamil Hornoch","List_of_Czechs"
"Bedřich Hrozný","List_of_Czechs"
"Jakub Husnik","List_of_Czechs"
"Jan Janský","List_of_Czechs"
"Karl Guthe Jansky","List_of_Czechs"
"Vojtěch Jarník","List_of_Czechs"
"Konstantin Jireček","List_of_Czechs"
"Otto Jirovec","List_of_Czechs"
"Georg Joseph Kamel","List_of_Czechs"
"Vlasta Kálalová","List_of_Czechs"
"Karel Kavina","List_of_Czechs"
"Jan Kmenta","List_of_Czechs"
"Luboš Kohoutek","List_of_Czechs"
"František Koláček","List_of_Czechs"
"Zdenek Kopal","List_of_Czechs"
"František Křižík","List_of_Czechs"
"Bohumil Kučera","List_of_Czechs"
"Jaroslav Kurzweil","List_of_Czechs"
"Václav Láska","List_of_Czechs"
"Mathias Lerch","List_of_Czechs"
"Drahoslav Lím","List_of_Czechs"
"Johann Josef Loschmidt","List_of_Czechs"
"Ernst Mach","List_of_Czechs"
"Frank Malina","List_of_Czechs"
"Jan Marek Marci","List_of_Czechs"
"Zdeněk Matějka","List_of_Czechs"
"Gregor Mendel","List_of_Czechs"
"Antonín Mrkos","List_of_Czechs"
"Johann Palisa","List_of_Czechs"
"František Patočka","List_of_Czechs"
"Karel Petr","List_of_Czechs"
"Josef Ladislav Píč","List_of_Czechs"
"George Placzek","List_of_Czechs"
"Julius Pokorny","List_of_Czechs"
"Ferdinand Porsche","List_of_Czechs"
"Křišťan of Prachatice","List_of_Czechs"
"Petr Pravec","List_of_Czechs"
"Jan Svatopluk Presl","List_of_Czechs"
"Karel Presl","List_of_Czechs"
"Jiří Procháska","List_of_Czechs"
"Stanislaus von Prowazek","List_of_Czechs"
"Vlastimil Pták","List_of_Czechs"
"Jan Evangelista Purkyně","List_of_Czechs"
"Zdeněk Rejdák","List_of_Czechs"
"Josef Ludvík František Ressel","List_of_Czechs"
"Karel Rokytanský","List_of_Czechs"
"Karel Rychlík","List_of_Czechs"
"Vojtěch Šafařík","List_of_Czechs"
"Jaroslav Šafránek","List_of_Czechs"
"Heinrich Wilhelm Schott","List_of_Czechs"
"Joseph Schumpeter","List_of_Czechs"
"Bohumil Sekla","List_of_Czechs"
"Alois Senefelder","List_of_Czechs"
"August Seydler","List_of_Czechs"
"Ota Šik","List_of_Czechs"
"Jan Šindel","List_of_Czechs"
"Josef Škoda","List_of_Czechs"
"Ferdinand Stoliczka","List_of_Czechs"
"Vincenc Strouhal","List_of_Czechs"
"František Josef Studnička","List_of_Czechs"
"Antonín Svoboda","List_of_Czechs"
"Karl von Terzaghi","List_of_Czechs"
"Olga Taussky-Todd","List_of_Czechs"
"Jana Tichá","List_of_Czechs"
"Miloš Tichý","List_of_Czechs"
"Viktor Trkal","List_of_Czechs"
"Miloslav Valouch","List_of_Czechs"
"Petr Vopěnka","List_of_Czechs"
"Jindřich Wankel","List_of_Czechs"
"Rudolf Weigl","List_of_Czechs"
"Max Wertheimer","List_of_Czechs"
"Otto Wichterle","List_of_Czechs"
"Karel Zahradnik","List_of_Czechs"
"Rudolf Zahradník","List_of_Czechs"
"František Záviška","List_of_Czechs"
"John Zeleny","List_of_Czechs"
"Vladimír Zoubek","List_of_Czechs"
"Petr Zuman","List_of_Czechs"
"Guido Adler","List_of_Czechs"
"Bohuslav Balbín","List_of_Czechs"
"Max Dvořák","List_of_Czechs"
"Eva Hajičová","List_of_Czechs"
"Eduard Hanslick","List_of_Czechs"
"Aleš Hrdlička","List_of_Czechs"
"Bedřich Hrozný","List_of_Czechs"
"Konstantin Jireček","List_of_Czechs"
"Josef Jungmann","List_of_Czechs"
"Henry Kučera","List_of_Czechs"
"Bohumil Mathesius","List_of_Czechs"
"Vilém Mathesius","List_of_Czechs"
"Josef Vratislav Monse","List_of_Czechs"
"Jan Mukařovský","List_of_Czechs"
"Alois Musil","List_of_Czechs"
"František Palacký","List_of_Czechs"
"Antonín Rezek","List_of_Czechs"
"František Roubík","List_of_Czechs"
"August Sedláček","List_of_Czechs"
"Petr Sgall","List_of_Czechs"
"Čeněk Zíbrt","List_of_Czechs"
"Milan Baroš","List_of_Czechs"
"Tomáš Berdych","List_of_Czechs"
"Patrik Berger","List_of_Czechs"
"Josef Bican","List_of_Czechs"
"Radek Bonk","List_of_Czechs"
"Věra Čáslavská","List_of_Czechs"
"Petr Čech","List_of_Czechs"
"Roman Čechmánek","List_of_Czechs"
"Jaroslav Drobný","List_of_Czechs"
"Patrik Eliáš","List_of_Czechs"
"Tomáš Enge","List_of_Czechs"
"Kurt Epstein","List_of_Czechs"
"František Fadrhonc","List_of_Czechs"
"Arie Gill-Glick","List_of_Czechs"
"Jitka Harazimova","List_of_Czechs"
"Dominik Hašek","List_of_Czechs"
"Aleš Hemský","List_of_Czechs"
"Bobby Holík","List_of_Czechs"
"Marek Jankulovski","List_of_Czechs"
"Jaromír Jágr","List_of_Czechs"
"Václav Ježek","List_of_Czechs"
"Filip Jícha","List_of_Czechs"
"Eliška Junková","List_of_Czechs"
"František Kaberle","List_of_Czechs"
"Tomáš Kaberle","List_of_Czechs"
"Gertrude "Traute" Kleinová","List_of_Czechs"
"Vašek Klouda","List_of_Czechs"
"Jan Kodeš","List_of_Czechs"
"Jan Koller","List_of_Czechs"
"Petr Korda","List_of_Czechs"
"Aleš Kotalík","List_of_Czechs"
"Jan Koželuh","List_of_Czechs"
"Karel Koželuh","List_of_Czechs"
"Richard Krajicek","List_of_Czechs"
"Jarmila Kratochvílová","List_of_Czechs"
"David Krejčí","List_of_Czechs"
"Roman Kreuziger","List_of_Czechs"
"Lukáš Krpálek","List_of_Czechs"
"Pavel Kubina","List_of_Czechs"
"Petra Kvitová","List_of_Czechs"
"Ester Ledecká","List_of_Czechs"
"Ivan Lendl","List_of_Czechs"
"Marek Malík","List_of_Czechs"
"Hana Mandlíková","List_of_Czechs"
"Josef Masopust","List_of_Czechs"
"Vera Menchik","List_of_Czechs"
"Milan Michálek","List_of_Czechs"
"Martina Navratilova","List_of_Czechs"
"Pavel Nedvěd","List_of_Czechs"
"Petr Nedvěd","List_of_Czechs"
"Zdeněk Nehoda","List_of_Czechs"
"Oldřich Nejedlý","List_of_Czechs"
"Kateřina Neumannová","List_of_Czechs"
"Karel Nováček","List_of_Czechs"
"Jana Novotná","List_of_Czechs"
"Jiří Novotný","List_of_Czechs"
"Adam Ondra","List_of_Czechs"
"Antonín Panenka","List_of_Czechs"
"František Plánička","List_of_Czechs"
"Karolína Plíšková","List_of_Czechs"
"Karel Poborský","List_of_Czechs"
"Petr Průcha","List_of_Czechs"
"Richard Réti","List_of_Czechs"
"Tomáš Rosický","List_of_Czechs"
"Martina Sáblíková","List_of_Czechs"
"Roman Šebrle","List_of_Czechs"
"Kateřina Siniaková","List_of_Czechs"
"Vladimír Šmicer","List_of_Czechs"
"Barbora Špotáková","List_of_Czechs"
"Patrik Štefan","List_of_Czechs"
"Wilhelm Steinitz","List_of_Czechs"
"Helena Suková","List_of_Czechs"
"Petr Sýkora","List_of_Czechs"
"Jiří Tlustý","List_of_Czechs"
"Nicole Vaidišová","List_of_Czechs"
"Aleš Valenta","List_of_Czechs"
"Kamila Vodičková","List_of_Czechs"
"Jakub Voráček","List_of_Czechs"
"Olga Winterberg","List_of_Czechs"
"Šárka Záhrobská","List_of_Czechs"
"Emil Zátopek","List_of_Czechs"
"Jan Železný","List_of_Czechs"
"Jan Antonín Baťa","List_of_Czechs"
"Tomáš Baťa","List_of_Czechs"
"Emil Kolben","List_of_Czechs"
"František Křižík","List_of_Czechs"
"Ignác Šechtl","List_of_Czechs"
"Emil Škoda","List_of_Czechs"
"Karel Barvitius","List_of_Czechs"
"Eliška Bučková","List_of_Czechs"
"Jiří Buquoy","List_of_Czechs"
"Vlaada Chvatil","List_of_Czechs"
"Josef Florian","List_of_Czechs"
"Zdenek Konvalina","List_of_Czechs"
"Marian Korn","List_of_Czechs"
"Victor Lustig","List_of_Czechs"
"Iveta Lutovská","List_of_Czechs"
"Jaroslav Malina","List_of_Czechs"
"Jan Opletal","List_of_Czechs"
"Jan Palach","List_of_Czechs"
"Přemek Podlaha","List_of_Czechs"
"Zdeňka Pokorná","List_of_Czechs"
"Vladimír Remek","List_of_Czechs"
"Robert Rosenberg","List_of_Czechs"
"Oskar Schindler","List_of_Czechs"
"Bertha von Suttner","List_of_Czechs"
"Jan Zajíc","List_of_Czechs"
"Jára Cimrman","List_of_Czechs"
"Josef Švejk","List_of_Czechs"
"Mole","List_of_Czechs"
"Pat &amp; Mat","List_of_Czechs"
"List of Czech Jews","List_of_Czechs"
"List of people by nationality","List_of_Czechs"
"List of people on stamps of the Czech Republic","List_of_Czechs"
"Lists of Czech people","List_of_Czechs"
