"Ken Alibek","List_of_Kazakh_Americans"
"Alexander Fishenko","List_of_Kazakh_Americans"
"Valeri Liukin","List_of_Kazakh_Americans"
"Shoukhrat Mitalipov","List_of_Kazakh_Americans"
"Irina Slutsky","List_of_Kazakh_Americans"
"Sanzhar Sultanov","List_of_Kazakh_Americans"
"Kazakhstan–United States relations","List_of_Kazakh_Americans"
"Canada","List_of_Kazakh_Americans"
"China","List_of_Kazakh_Americans"
"Iran","List_of_Kazakh_Americans"
"Russia","List_of_Kazakh_Americans"
"United States","List_of_Kazakh_Americans"
"Kazakh exodus from Xinjiang","List_of_Kazakh_Americans"
"Oralman","List_of_Kazakh_Americans"
"Afghan","List_of_Kazakh_Americans"
"Mongolian","List_of_Kazakh_Americans"
"Tajikistani","List_of_Kazakh_Americans"
"Uzbek","List_of_Kazakh_Americans"
"Baloch","List_of_Kazakh_Americans"
"Pashtun","List_of_Kazakh_Americans"
"Uyghur","List_of_Kazakh_Americans"
"Mongolian","List_of_Kazakh_Americans"
"Uzbek","List_of_Kazakh_Americans"
"Chinese","List_of_Kazakh_Americans"
"Hong Kong","List_of_Kazakh_Americans"
"Tibetan","List_of_Kazakh_Americans"
"Taiwan","List_of_Kazakh_Americans"
"Hoklo/Hokkien","List_of_Kazakh_Americans"
"Fuzhou/Hokchiu","List_of_Kazakh_Americans"
"Hakka","List_of_Kazakh_Americans"
"Japanese","List_of_Kazakh_Americans"
"Hawaii","List_of_Kazakh_Americans"
"Korean","List_of_Kazakh_Americans"
"Bangladeshi","List_of_Kazakh_Americans"
"Bengali","List_of_Kazakh_Americans"
"Bhutanese","List_of_Kazakh_Americans"
"Indian","List_of_Kazakh_Americans"
"Indo-Caribbean","List_of_Kazakh_Americans"
"Bengali","List_of_Kazakh_Americans"
"Gujarati","List_of_Kazakh_Americans"
"Punjabi","List_of_Kazakh_Americans"
"Sindhi","List_of_Kazakh_Americans"
"Tamil","List_of_Kazakh_Americans"
"Nepalese","List_of_Kazakh_Americans"
"Pakistani","List_of_Kazakh_Americans"
"Baloch","List_of_Kazakh_Americans"
"Pashtun","List_of_Kazakh_Americans"
"Punjabi","List_of_Kazakh_Americans"
"Sindhi","List_of_Kazakh_Americans"
"Sri Lankan","List_of_Kazakh_Americans"
"Tamil","List_of_Kazakh_Americans"
"Burmese","List_of_Kazakh_Americans"
"Cambodian","List_of_Kazakh_Americans"
"Filipino","List_of_Kazakh_Americans"
"Hmong","List_of_Kazakh_Americans"
"Indonesian","List_of_Kazakh_Americans"
"Laotian","List_of_Kazakh_Americans"
"Malaysian","List_of_Kazakh_Americans"
"Mien","List_of_Kazakh_Americans"
"Singaporean","List_of_Kazakh_Americans"
"Thai","List_of_Kazakh_Americans"
"Vietnamese","List_of_Kazakh_Americans"
"Asian Hispanic and Latino","List_of_Kazakh_Americans"
"Punjabi Mexican","List_of_Kazakh_Americans"
"Multiracial Americans","List_of_Kazakh_Americans"
"Afro-Asian","List_of_Kazakh_Americans"
"Amerasian","List_of_Kazakh_Americans"
"Eurasian","List_of_Kazakh_Americans"
"General","List_of_Kazakh_Americans"
"Immigration","List_of_Kazakh_Americans"
"Military","List_of_Kazakh_Americans"
"Arts and Entertainment","List_of_Kazakh_Americans"
"Demographics","List_of_Kazakh_Americans"
"Politics","List_of_Kazakh_Americans"
"Stereotypes","List_of_Kazakh_Americans"
"Buddhists","List_of_Kazakh_Americans"
"Christians","List_of_Kazakh_Americans"
"Hindus","List_of_Kazakh_Americans"
"Jainism","List_of_Kazakh_Americans"
"Muslims","List_of_Kazakh_Americans"
"Sikhs","List_of_Kazakh_Americans"
"California","List_of_Kazakh_Americans"
"Hawaii","List_of_Kazakh_Americans"
"Maryland","List_of_Kazakh_Americans"
"New York City","List_of_Kazakh_Americans"
"Puerto Rico","List_of_Kazakh_Americans"
"Washington","List_of_Kazakh_Americans"
"Austrian","List_of_Kazakh_Americans"
"Czech","List_of_Kazakh_Americans"
"German","List_of_Kazakh_Americans"
"Amish","List_of_Kazakh_Americans"
"German Texan","List_of_Kazakh_Americans"
"Pennsylvania Dutch","List_of_Kazakh_Americans"
"German Mennonites from Russia","List_of_Kazakh_Americans"
"Hungarian","List_of_Kazakh_Americans"
"Hungarian Ohioans","List_of_Kazakh_Americans"
"Kashubian","List_of_Kazakh_Americans"
"Liechtensteiner","List_of_Kazakh_Americans"
"Luxembourgian","List_of_Kazakh_Americans"
"Polish","List_of_Kazakh_Americans"
"Slovak","List_of_Kazakh_Americans"
"Slovene","List_of_Kazakh_Americans"
"Sorbian","List_of_Kazakh_Americans"
"Swiss","List_of_Kazakh_Americans"
"Azerbaijani","List_of_Kazakh_Americans"
"Belarusian","List_of_Kazakh_Americans"
"Chechen","List_of_Kazakh_Americans"
"Georgian","List_of_Kazakh_Americans"
"Russian","List_of_Kazakh_Americans"
"Cossack","List_of_Kazakh_Americans"
"Kalmyk","List_of_Kazakh_Americans"
"Ukrainian","List_of_Kazakh_Americans"
"Cossack","List_of_Kazakh_Americans"
"Rusyn","List_of_Kazakh_Americans"
"Danish","List_of_Kazakh_Americans"
"Greenlandic","List_of_Kazakh_Americans"
"Estonian","List_of_Kazakh_Americans"
"Faroese","List_of_Kazakh_Americans"
"Finnish","List_of_Kazakh_Americans"
"Icelandic","List_of_Kazakh_Americans"
"Latvian","List_of_Kazakh_Americans"
"Lithuanian","List_of_Kazakh_Americans"
"Norwegian","List_of_Kazakh_Americans"
"Norwegian Dakotan","List_of_Kazakh_Americans"
"Norwegian Minnesotan","List_of_Kazakh_Americans"
"Sami","List_of_Kazakh_Americans"
"Swedish","List_of_Kazakh_Americans"
"Albanian","List_of_Kazakh_Americans"
"Bosnian","List_of_Kazakh_Americans"
"Bulgarian","List_of_Kazakh_Americans"
"Cypriot","List_of_Kazakh_Americans"
"Croatian","List_of_Kazakh_Americans"
"Greek","List_of_Kazakh_Americans"
"Macedonian","List_of_Kazakh_Americans"
"Moldovan","List_of_Kazakh_Americans"
"Montenegrin","List_of_Kazakh_Americans"
"Romanian","List_of_Kazakh_Americans"
"Serbian","List_of_Kazakh_Americans"
"Alaskan Serbs","List_of_Kazakh_Americans"
"Turkish","List_of_Kazakh_Americans"
"Italian","List_of_Kazakh_Americans"
"Sicilian","List_of_Kazakh_Americans"
"Maltese","List_of_Kazakh_Americans"
"Monacan","List_of_Kazakh_Americans"
"Portuguese","List_of_Kazakh_Americans"
"Sammarinese","List_of_Kazakh_Americans"
"Spanish","List_of_Kazakh_Americans"
"Asturian","List_of_Kazakh_Americans"
"Basque","List_of_Kazakh_Americans"
"Canarian","List_of_Kazakh_Americans"
"Catalan","List_of_Kazakh_Americans"
"Galician","List_of_Kazakh_Americans"
"Hispano","List_of_Kazakh_Americans"
"Belgian","List_of_Kazakh_Americans"
"British","List_of_Kazakh_Americans"
"Cornish","List_of_Kazakh_Americans"
"English","List_of_Kazakh_Americans"
"Manx","List_of_Kazakh_Americans"
"Scots-Irish/Ulster Scots","List_of_Kazakh_Americans"
"Scottish","List_of_Kazakh_Americans"
"Welsh","List_of_Kazakh_Americans"
"Dutch","List_of_Kazakh_Americans"
"French","List_of_Kazakh_Americans"
"Basque","List_of_Kazakh_Americans"
"Breton","List_of_Kazakh_Americans"
"Cajun","List_of_Kazakh_Americans"
"Corsican","List_of_Kazakh_Americans"
"Frisian","List_of_Kazakh_Americans"
"Irish","List_of_Kazakh_Americans"
"Non-Hispanic whites","List_of_Kazakh_Americans"
"White Hispanic and Latino","List_of_Kazakh_Americans"
"Métis","List_of_Kazakh_Americans"
"Roma","List_of_Kazakh_Americans"
"Hungarian Slovak Romanies","List_of_Kazakh_Americans"
"Louisiana Creole","List_of_Kazakh_Americans"
"Isleños","List_of_Kazakh_Americans"
"California","List_of_Kazakh_Americans"
"Hawaii","List_of_Kazakh_Americans"
"White Southerners","List_of_Kazakh_Americans"
"American people of Kazakhstani descent","List_of_Kazakh_Americans"
